self,children,object,symbol
36.89,89.37,python,_PyEval_EvalFrameDefault
8.32,8.32,python,PySlice_AdjustIndices
5.19,6.16,python,list_ass_slice
5.09,16.81,python,list_subscript
3.71,7.28,python,list_dealloc
3.22,3.24,python,_PyObject_Free
3.01,3.52,python,_PyBuildSlice_ConsumeRefs
2.89,5.23,python,_PyEval_SliceIndex
2.41,2.41,python,slice_dealloc
2.31,3.18,python,PyNumber_AsSsize_t
2.08,2.25,python,_PyObject_Malloc
1.98,2.41,python,PySlice_New
1.94,1.94,python,_Py_NewReference
1.94,1.94,python,_PyLong_Add
1.88,6.09,python,PySlice_Unpack
1.45,12.15,python,list_ass_subscript
1.39,1.39,python,PyLong_AsSsize_t
0.96,17.49,python,PyObject_GetItem
0.93,1.11,python,list_insert
0.69,0.69,python,PyObject_GC_UnTrack
0.63,0.65,libc-2.31.so,__nss_database_lookup
0.62,0.62,python,_PyTrash_end
0.61,0.61,python,PyObject_SetItem
0.6,0.6,python,_PyLong_Subtract
0.55,0.86,python,list_pop
0.55,0.55,python,list_slice.isra.0
0.43,0.43,python,_PyTrash_begin
0.38,1.11,python,gc_collect_main
0.36,0.38,python,PySequence_Fast
0.36,0.37,python,unicodekeys_lookup_unicode
0.25,0.26,python,_PyNumber_Index
0.2,0.21,python,visit_decref
0.18,0.18,python,_PyTrash_cond
0.16,0.46,python,_Py_dict_lookup
0.16,0.16,python,visit_reachable
0.14,0.14,python,PyMem_Malloc
0.13,0.13,python,PyMem_Free
0.12,0.76,python,r_object
0.12,0.12,python,PyThreadState_GetUnchecked
0.1,0.17,python,tupledealloc
0.1,0.15,python,_PyType_Lookup
0.09,0.31,python,update_one_slot
0.09,0.21,python,_PyFrame_ClearExceptCode
0.09,0.09,python,memcpy@plt
0.08,0.12,libc-2.31.so,pthread_attr_setschedparam
0.08,0.1,python,_PyCode_Quicken
0.07,0.29,python,find_name_in_mro
0.07,0.12,python,_Py_hashtable_get_entry_generic
0.05,0.22,python,_PyDict_GetItem_KnownHash
0.05,0.13,python,dict_traverse
0.05,0.08,python,initialize_locals
0.05,0.05,[kernel.kallsyms],smp_call_function_single
0.05,0.05,python,_PyUnicode_FromUCS1.part.0
0.04,0.19,libpython3.11.so.1.0,_PyEval_EvalFrameDefault
0.04,0.17,python,free_keys_object
0.04,0.17,python,insertdict
0.04,0.11,python,type_ready
0.04,0.1,python,PyDict_GetItemRef
0.04,0.09,python,code_dealloc
0.04,0.05,python,intern_string_constants
0.04,0.04,python,siphash13
0.03,0.23,python,_PyEval_FrameClearAndPop
0.03,0.12,python,_PyEvalFramePushAndInit
0.03,0.08,python,tupletraverse
0.03,0.07,ld-2.31.so,_dl_rtld_di_serinfo
0.03,0.04,[kernel.kallsyms],copy_user_enhanced_fast_string
0.03,0.04,python,_PyIO_find_line_ending
0.03,0.03,python,PyUnicode_New.part.0
0.03,0.03,[kernel.kallsyms],native_irq_return_iret
0.03,0.03,python,_PyUnicode_FromUCS4.part.0
0.03,0.03,python,PyObject_IS_GC
0.03,0.03,python,memmove@plt
0.03,0.03,python,PyObject_GC_Del
0.03,0.03,libmagic.so.1.0.0,0x000000000000f936
0.02,85.57,python,PyObject_Vectorcall
0.02,0.26,python,_PyUnicode_InternInPlace
0.02,0.22,python,PyObject_GenericGetAttr
0.02,0.2,python,_PyCode_New
0.02,0.18,[kernel.kallsyms],__handle_mm_fault
0.02,0.15,python,PyDict_SetDefault
0.02,0.11,python,_PyObject_GenericGetAttrWithDict
0.02,0.1,python,func_traverse
0.02,0.09,python,_PyObject_GetMethod
0.02,0.08,python,_PyObject_GC_New
0.02,0.07,python,dict_dealloc
0.02,0.05,python,PyTuple_New
0.02,0.05,python,subtype_traverse
0.02,0.05,[kernel.kallsyms],zap_pte_range.isra.0
0.02,0.04,python,PyFunction_NewWithQualName
0.02,0.04,python,_PyTuple_FromArray
0.02,0.03,python,_PyTuple_FromArraySteal
0.02,0.03,python,_PyObject_Realloc
0.02,0.03,python,PyObject_VisitManagedDict
0.02,0.03,python,tuple_alloc
0.02,0.03,python,_PyTuple_MaybeUntrack
0.02,0.03,python,vgetargs1_impl
0.02,0.02,[kernel.kallsyms],__d_lookup_rcu
0.02,0.02,[kernel.kallsyms],sync_regs
0.02,0.02,python,PyType_IsSubtype
0.02,0.02,python,_Py_GetBaseOpcode
0.02,0.02,python,_Py_Dealloc
0.02,0.02,[kernel.kallsyms],clear_page_erms
0.02,0.02,[kernel.kallsyms],copy_pte_range.isra.0
0.02,0.02,python,ascii_decode
0.02,0.02,python,build_indices_unicode
0.02,0.02,python,find_empty_slot
0.02,0.02,libmagic.so.1.0.0,0x000000000000f932
0.02,0.02,python,_PyPegen_is_memoized
0.01,4.31,python,PyImport_ImportModuleLevelObject
0.01,2.22,python,_PyObject_MakeTpCall
0.01,1.78,python,type_call
0.01,0.79,python,list_extend
0.01,0.6,python,_PyObject_CallFunctionVa
0.01,0.45,python,type_new
0.01,0.33,python,PyObject_GetAttr
0.01,0.19,[kernel.kallsyms],handle_mm_fault
0.01,0.17,python,slot_tp_iternext
0.01,0.12,python,PyObject_GetOptionalAttr
0.01,0.12,python,func_dealloc
0.01,0.1,[kernel.kallsyms],do_anonymous_page
0.01,0.1,python,PyObject_SetAttr
0.01,0.1,python,subtype_dealloc
0.01,0.09,python3.8,_PyEval_EvalFrameDefault
0.01,0.07,python,PyObject_GetIter
0.01,0.07,python,_PyEval_Vector
0.01,0.07,python,stringio_iternext
0.01,0.07,python,_PyObject_GenericSetAttrWithDict
0.01,0.06,[kernel.kallsyms],link_path_walk.part.0
0.01,0.06,python,unicode_decode_utf8
0.01,0.06,ld-2.31.so,_dl_catch_error
0.01,0.06,python,PyBytes_FromStringAndSize
0.01,0.05,python,_PyObject_FreeInstanceAttributes
0.01,0.05,python,_Py_type_getattro
0.01,0.05,python,PyType_GenericAlloc
0.01,0.04,python,PyObject_IsInstance
0.01,0.04,[kernel.kallsyms],__alloc_pages_nodemask
0.01,0.04,python,dict_merge
0.01,0.04,python,_PyModule_ClearDict
0.01,0.04,[kernel.kallsyms],walk_component
0.01,0.04,python,allocate_from_new_pool
0.01,0.04,python,new_keys_object
0.01,0.04,python,_PyObject_GC_NewVar
0.01,0.04,[kernel.kallsyms],lookup_fast
0.01,0.03,python,sre_ucs1_match
0.01,0.03,python,PyCMethod_New
0.01,0.03,python,PyList_Append
0.01,0.03,python,PyObject_RichCompareBool
0.01,0.03,[kernel.kallsyms],do_wp_page
0.01,0.03,[kernel.kallsyms],release_pages
0.01,0.03,python,func_clear
0.01,0.03,python,r_string (inlined)
0.01,0.03,python,frame_dealloc
0.01,0.03,python,type_traverse
0.01,0.03,python,meth_dealloc
0.01,0.03,python,PyUnicode_FromFormatV
0.01,0.02,python,_PyObject_Calloc
0.01,0.02,python,_PyDict_FromItems
0.01,0.02,[kernel.kallsyms],mem_cgroup_try_charge
0.01,0.02,libpython3.11.so.1.0,deduce_unreachable
0.01,0.02,python,_PyPegen_expect_token
0.01,0.02,python,list_traverse
0.01,0.02,python,_PyDict_LoadGlobal
0.01,0.02,python,_PyObject_GetInstanceAttribute
0.01,0.02,python,PyDict_GetItemWithError
0.01,0.02,python,set_traverse
0.01,0.02,python,PyList_New
0.01,0.02,python,list_sort_impl
0.01,0.02,python,_PyList_FromArraySteal
0.01,0.02,python,insert_to_emptydict
0.01,0.02,python,PyTraceBack_Here
0.01,0.02,python,set_contains
0.01,0.02,python,_PyDict_MaybeUntrack
0.01,0.02,python3.8,PyOS_strtoul
0.01,0.02,python,_PyTuple_ClearFreeList
0.01,0.02,python,_PyCfg_OptimizeCodeUnit
0.01,0.02,[kernel.kallsyms],__pagevec_lru_add_fn
0.01,0.01,python,set_lookkey
0.01,0.01,[kernel.kallsyms],copy_user_enhanced_fast_string
0.01,0.01,[kernel.kallsyms],_raw_spin_lock
0.01,0.01,[kernel.kallsyms],inode_permission
0.01,0.01,python,unicode_dealloc
0.01,0.01,python,PyObject_IsTrue
0.01,0.01,python,_PyUnicode_Equal
0.01,0.01,libc-2.31.so,malloc
0.01,0.01,python,PyMethod_New
0.01,0.01,python,type_is_gc
0.01,0.01,python,tok_get_normal_mode
0.01,0.01,python,_PyStack_UnpackDict
0.01,0.01,python,sre_ucs1_count
0.01,0.01,python,_PyUnicode_JoinArray.part.0
0.01,0.01,python,PyErr_Occurred
0.01,0.01,python,_PyThreadState_PushFrame
0.01,0.01,python,_PyType_GetDict
0.01,0.01,[kernel.kallsyms],strncpy_from_user
0.01,0.01,python,PyDict_Next
0.01,0.01,libpthread-2.31.so,__pthread_mutex_lock
0.01,0.01,libpthread-2.31.so,pthread_mutex_unlock
0.01,0.01,python,_PyObject_GC_Link
0.01,0.01,[kernel.kallsyms],rmqueue
0.01,0.01,python,PyObject_Malloc
0.01,0.01,python,PyUnicode_AsUCS4
0.01,0.01,[kernel.kallsyms],get_mem_cgroup_from_mm
0.01,0.01,libpython3.11.so.1.0,visit_decref
0.01,0.01,python,_copy_characters.part.0.constprop.0
0.01,0.01,python,_PyFunction_Vectorcall
0.01,0.01,python,convertitem.constprop.0
0.01,0.01,python,PyDict_New
0.01,0.01,[kernel.kallsyms],kmem_cache_alloc
0.01,0.01,[kernel.kallsyms],find_get_entry
0.01,0.01,[kernel.kallsyms],copy_page
0.01,0.01,python,hashtable_unicode_compare
0.01,0.01,python,PyLong_FromString
0.01,0.01,python3.8,_PyDict_GetItemIdWithError
0.01,0.01,libpython3.11.so.1.0,PyDict_SetDefault
0.01,0.01,python,build_string
0.01,0.01,python,PyObject_Free
0.01,0.01,[kernel.kallsyms],kmem_cache_free
0.01,0.01,python,PyDict_SetItem
0.01,0.01,libc-2.31.so,__nss_database_lookup
0.01,0.01,[kernel.kallsyms],free_pcppages_bulk
0.01,0.01,python,_PyDict_Next.part.0
0.01,0.01,libpython3.11.so.1.0,_PyDict_GetItem_KnownHash
0.01,0.01,[kernel.kallsyms],page_remove_rmap
0.01,0.01,python,long_dealloc
0.01,0.01,python,PyUnicode_InternInPlace
0.01,0.01,python,PyUnicode_Contains
0.01,0.01,python,getset_get
0.01,0.01,python,_PyErr_SetObject.part.0
0.01,0.01,libc-2.31.so,free
0.01,0.01,python,PySequence_Contains
0.01,0.01,python,method_get
0.01,0.01,[kernel.kallsyms],native_write_msr
0.01,0.01,python,_PyPegen_update_memo
0.01,0.01,python,PyObject_Hash
0.01,0.01,python,set_add_entry
0.01,0.01,python,PyObject_GC_Track
0.01,0.01,python,clone_combined_dict_keys.isra.0
0.01,0.01,libpython3.11.so.1.0,visit_reachable
0.0,88.67,python,PyEval_EvalCode
0.0,88.67,python,_PyEval_EvalFrame (inlined)
0.0,88.67,python,_PyEval_Vector (inlined)
0.0,86.29,libc-2.31.so,__libc_start_main
0.0,86.25,python,Py_BytesMain
0.0,86.25,python,pymain_main (inlined)
0.0,86.18,python,_start
0.0,85.86,python,Py_RunMain (inlined)
0.0,85.66,python,_PyObject_VectorcallTstate (inlined)
0.0,85.14,python,pymain_run_python (inlined)
0.0,83.5,python,run_mod
0.0,83.42,python,run_eval_code_obj (inlined)
0.0,83.39,python,_PyRun_SimpleFileObject
0.0,83.39,python,pyrun_file (inlined)
0.0,83.35,python,_PyRun_AnyFileObject
0.0,83.34,python,pymain_run_file (inlined)
0.0,83.34,python,pymain_run_file_obj (inlined)
0.0,82.54,python,partial_vectorcall
0.0,82.51,python,_PyObject_VectorcallTstate (inlined)
0.0,5.93,python,Py_INCREF (inlined)
0.0,5.85,python,cfunction_vectorcall_FASTCALL_KEYWORDS
0.0,5.7,python,builtin_exec
0.0,5.7,python,builtin_exec_impl (inlined)
0.0,5.67,python,PyObject_Call
0.0,5.67,python,_PyObject_Call (inlined)
0.0,5.57,python,_PyVectorcall_Call (inlined)
0.0,4.92,python,_PyBuildSlice_Consume2 (inlined)
0.0,4.5,python,_PyObject_VectorcallTstate (inlined)
0.0,4.4,python,PyObject_CallMethodObjArgs
0.0,4.4,python,object_vacall
0.0,4.31,python,import_find_and_load (inlined)
0.0,4.16,python,import_name (inlined)
0.0,3.86,[unknown],0xffffffffffffffff
0.0,3.12,python,list_new_prealloc (inlined)
0.0,2.38,python,pymalloc_free (inlined)
0.0,2.34,python,_PyObject_GC_TRACK (inlined)
0.0,1.84,python,address_in_range (inlined)
0.0,1.84,python,arena_map_is_used (inlined)
0.0,1.8,python,pymain_run_module
0.0,1.8,python,_PyRuntime+0xffffffcd44a4ae77
0.0,1.76,python,method_vectorcall
0.0,1.76,python,_PyObject_VectorcallTstate (inlined)
0.0,1.7,python,_Py_IsImmortal (inlined)
0.0,1.67,python,pymalloc_alloc (inlined)
0.0,1.62,python,builtin___import__
0.0,1.62,python,builtin___import___impl (inlined)
0.0,1.6,python,PyList_New (inlined)
0.0,1.57,python,gen_iternext
0.0,1.57,python,gen_send_ex2 (inlined)
0.0,1.57,python,_PyEval_EvalFrame (inlined)
0.0,1.51,python,new_reference (inlined)
0.0,1.3,python,_PyGCHead_SET_NEXT (inlined)
0.0,1.29,python,_PyObject_Call_Prepend
0.0,1.29,python,_PyObject_VectorcallDictTstate (inlined)
0.0,1.13,python,Py_XDECREF (inlined)
0.0,1.08,python,Py_XDECREF (inlined)
0.0,1.04,python,_PyIndex_Check (inlined)
0.0,1.01,python,arena_map_get (inlined)
0.0,0.93,python,slot_tp_init
0.0,0.91,python,Py_DECREF (inlined)
0.0,0.85,python,_PyNumber_Index (inlined)
0.0,0.82,python,builtin___build_class__
0.0,0.8,python,list_slice (inlined)
0.0,0.79,python,list_extend_iter (inlined)
0.0,0.77,python,_PyObject_GC_UNTRACK (inlined)
0.0,0.77,python,Py_FinalizeEx (inlined)
0.0,0.74,python,read_object
0.0,0.72,python,Py_DECREF (inlined)
0.0,0.69,python,deduce_unreachable (inlined)
0.0,0.69,python,Py_XINCREF (inlined)
0.0,0.69,python,_Py_XNewRef (inlined)
0.0,0.69,python,list_vectorcall
0.0,0.69,python,list___init___impl (inlined)
0.0,0.68,python,marshal_loads
0.0,0.68,python,marshal_loads_impl (inlined)
0.0,0.67,python,Py_INCREF (inlined)
0.0,0.66,python,_PyLong_FromSTwoDigits (inlined)
0.0,0.65,python,Py_INCREF (inlined)
0.0,0.65,python,_Py_NewRef (inlined)
0.0,0.64,python,list_insert_impl (inlined)
0.0,0.64,python,memcpy (inlined)
0.0,0.61,python,ins1 (inlined)
0.0,0.55,python,_PyObject_GC_UNTRACK (inlined)
0.0,0.53,python,pymalloc_pool_extend (inlined)
0.0,0.52,python,PyObject_CallFunction
0.0,0.52,python,_Py_IsImmortal (inlined)
0.0,0.52,[kernel.kallsyms],entry_SYSCALL_64_after_hwframe
0.0,0.51,[kernel.kallsyms],do_syscall_64
0.0,0.5,python,finalize_modules
0.0,0.49,python,_PyLong_CompactValue (inlined)
0.0,0.48,python,PyObject_VectorcallDict
0.0,0.48,python,_PyObject_VectorcallDictTstate (inlined)
0.0,0.46,python,data_start+0x1c44acc03f
0.0,0.45,python,_PyGC_CollectNoFail
0.0,0.44,python,get_state (inlined)
0.0,0.44,python,Py_SET_SIZE (inlined)
0.0,0.44,python,type_new_impl (inlined)
0.0,0.43,python,_PyLong_CompactValue (inlined)
0.0,0.43,python,get_small_int (inlined)
0.0,0.42,python,data_start+0xffffffcd44a42eff
0.0,0.42,python,pymain_init
0.0,0.42,python,Py_InitializeFromConfig
0.0,0.42,python,Py_DECREF (inlined)
0.0,0.41,python,list_new_prealloc (inlined)
0.0,0.41,python,_PyLong_CompactValue (inlined)
0.0,0.4,python,list_pop_impl (inlined)
0.0,0.4,python,_PyObject_GC_TRACK (inlined)
0.0,0.4,python,wrap_next
0.0,0.39,python,_PyGCHead_SET_PREV (inlined)
0.0,0.38,python,Py_INCREF (inlined)
0.0,0.38,python,_Py_NewRef (inlined)
0.0,0.38,python,_Py_RunGC
0.0,0.38,python,_Py_HandlePending
0.0,0.38,python,gc_collect_generations (inlined)
0.0,0.38,python,gc_collect_with_callback (inlined)
0.0,0.37,python,slot_tp_new
0.0,0.37,python,_Py_IsImmortal (inlined)
0.0,0.34,python,init_interp_main
0.0,0.34,python,cfunction_vectorcall_FASTCALL
0.0,0.34,python,pyinit_main
0.0,0.34,python,Py_INCREF (inlined)
0.0,0.34,python,_Py_NewRef (inlined)
0.0,0.34,python,_PyInterpreterState_GET (inlined)
0.0,0.32,python,bounded_lru_cache_wrapper
0.0,0.31,python,builtin_next
0.0,0.31,python,_PyInterpreterState_GET (inlined)
0.0,0.31,python,_PyGCHead_SET_NEXT (inlined)
0.0,0.31,python,subtract_refs (inlined)
0.0,0.3,python,PyImport_Import
0.0,0.3,python,fixup_slot_dispatchers (inlined)
0.0,0.29,[kernel.kallsyms],page_fault
0.0,0.28,python,PyImport_ImportModule
0.0,0.27,python,_Py_NewRef (inlined)
0.0,0.27,python,_PyObject_IS_GC (inlined)
0.0,0.26,python,move_unreachable (inlined)
0.0,0.25,python,Py_DECREF (inlined)
0.0,0.24,python,_io_open
0.0,0.24,python,_PyLong_BothAreCompact (inlined)
0.0,0.24,python,_PyThreadState_GET (inlined)
0.0,0.24,python,_io_open_impl (inlined)
0.0,0.23,python,cfunction_call
0.0,0.22,python,PyObject_CallOneArg
0.0,0.22,python,_Py_IsImmortal (inlined)
0.0,0.22,python,PyGC_Collect
0.0,0.22,python,gc_collect_with_callback (inlined)
0.0,0.22,python,_PyObject_GenericGetAttrWithDict (inlined)
0.0,0.22,python,PyRun_StringFlags
0.0,0.22,python,_PyRun_StringFlagsWithName (inlined)
0.0,0.21,python,_PyInterpreterState_GET (inlined)
0.0,0.21,python,_Py_atomic_load_uintptr_relaxed (inlined)
0.0,0.21,[kernel.kallsyms],do_page_fault
0.0,0.21,[kernel.kallsyms],__do_page_fault
0.0,0.21,[kernel.kallsyms],do_user_addr_fault
0.0,0.21,python,clear_thread_frame (inlined)
0.0,0.2,python,_PyGCHead_SET_PREV (inlined)
0.0,0.19,python,_PyLong_FromSTwoDigits (inlined)
0.0,0.19,libpython3.11.so.1.0,_PyEval_Vector
0.0,0.19,libpython3.11.so.1.0,_PyEval_EvalFrame (inlined)
0.0,0.19,libpython3.11.so.1.0,cfunction_vectorcall_FASTCALL_KEYWORDS
0.0,0.19,python,PyList_New (inlined)
0.0,0.19,libpython3.11.so.1.0,PyEval_EvalCode
0.0,0.19,libpython3.11.so.1.0,builtin_exec
0.0,0.19,libpython3.11.so.1.0,builtin_exec_impl (inlined)
0.0,0.18,libpython3.11.so.1.0,PyObject_Call
0.0,0.18,python,delete_garbage (inlined)
0.0,0.18,python,memmove (inlined)
0.0,0.17,python,vectorcall_method (inlined)
0.0,0.17,python,insert_to_usedpool (inlined)
0.0,0.17,libpython3.11.so.1.0,do_call_core (inlined)
0.0,0.17,libpython3.11.so.1.0,PyImport_ImportModuleLevelObject
0.0,0.17,libpython3.11.so.1.0,object_vacall
0.0,0.17,libpython3.11.so.1.0,PyObject_CallMethodObjArgs
0.0,0.17,libpython3.11.so.1.0,import_find_and_load (inlined)
0.0,0.17,libpython3.11.so.1.0,_PyObject_VectorcallTstate (inlined)
0.0,0.16,python,_PyObject_VectorcallTstate (inlined)
0.0,0.16,python,vectorcall_unbound (inlined)
0.0,0.16,python,init_import_site (inlined)
0.0,0.16,libpython3.11.so.1.0,import_name (inlined)
0.0,0.16,python,_PyGCHead_SET_NEXT (inlined)
0.0,0.16,python,Py_XDECREF (inlined)
0.0,0.16,python,_PyGCHead_SET_PREV (inlined)
0.0,0.16,python,Py_DECREF (inlined)
0.0,0.15,python,_PyIndex_Check (inlined)
0.0,0.15,python,PyObject_VectorcallMethod
0.0,0.15,python,Py_INCREF (inlined)
0.0,0.15,python,_Py_NewRef (inlined)
0.0,0.15,python,slot_mp_subscript
0.0,0.15,python,vectorcall_method (inlined)
0.0,0.15,python,_PyObject_VectorcallTstate (inlined)
0.0,0.14,python,_PyObject_VectorcallTstate (inlined)
0.0,0.14,python,vectorcall_unbound (inlined)
0.0,0.14,python,get_state (inlined)
0.0,0.14,[unknown],0xfffffffffffffff7
0.0,0.14,python,cfunction_vectorcall_O
0.0,0.14,python,_PyObject_VectorcallTstate (inlined)
0.0,0.14,python,_PyObject_CallNoArgsTstate (inlined)
0.0,0.14,python,os_stat
0.0,0.14,python,method_vectorcall_FASTCALL
0.0,0.14,python,tp_new_wrapper
0.0,0.14,python,Py_DECREF (inlined)
0.0,0.14,python,_PyLong_CompactValue (inlined)
0.0,0.14,python,builtin_eval
0.0,0.14,python,builtin_eval_impl (inlined)
0.0,0.14,python,PyUnicode_New (inlined)
0.0,0.14,python,get_small_int (inlined)
0.0,0.13,python,Py_XDECREF (inlined)
0.0,0.13,python,_PyGCHead_SET_NEXT (inlined)
0.0,0.13,python,posix_do_stat (inlined)
0.0,0.13,python,_PyGCHead_PREV (inlined)
0.0,0.13,python,os_stat_impl (inlined)
0.0,0.13,python,update_refs (inlined)
0.0,0.12,python,_io_FileIO___init__
0.0,0.12,python,PyModule_ExecDef
0.0,0.12,python,_PyInterpreterState_GET (inlined)
0.0,0.12,python,get_list_state (inlined)
0.0,0.12,python,_io_FileIO___init___impl (inlined)
0.0,0.12,python,_PyPegen_parse
0.0,0.12,python,_PyPegen_run_parser
0.0,0.11,python,_Py_hashtable_get
0.0,0.11,python,_PyPegen_run_parser_from_string
0.0,0.11,python,_PyUnicode_FromUCS1 (inlined)
0.0,0.11,python,_PyGCHead_SET_PREV (inlined)
0.0,0.11,python,init_code (inlined)
0.0,0.11,python,cfunction_vectorcall_NOARGS
0.0,0.11,python,has_own_state (inlined)
0.0,0.1,python,_PyTrash_clear_state (inlined)
0.0,0.1,python,method_vectorcall_FASTCALL_KEYWORDS_METHOD
0.0,0.1,python,_PyAST_Compile
0.0,0.1,python,gc_alloc (inlined)
0.0,0.1,python,_imp_create_dynamic
0.0,0.1,python,_imp_create_dynamic_impl (inlined)
0.0,0.1,python,_PyGCHead_NEXT (inlined)
0.0,0.1,python,_PyInterpreterState_GET (inlined)
0.0,0.1,python,get_list_state (inlined)
0.0,0.09,python,method_vectorcall_O
0.0,0.09,python,slot_tp_descr_get
0.0,0.09,[kernel.kallsyms],__x64_sys_openat
0.0,0.09,python,expression_rule
0.0,0.09,[kernel.kallsyms],do_sys_open
0.0,0.09,python,_PyImport_LoadDynamicModuleWithSpec
0.0,0.09,python,PyFile_OpenCodeObject
0.0,0.09,python,_io_open_code
0.0,0.09,python,_io_open_code_impl (inlined)
0.0,0.09,python,Py_DECREF (inlined)
0.0,0.09,python,_Py_read
0.0,0.09,python,_PyList_Extend (inlined)
0.0,0.09,python,py_list_extend
0.0,0.09,python,Py_INCREF (inlined)
0.0,0.09,python,_Py_NewRef (inlined)
0.0,0.09,[kernel.kallsyms],__x64_sys_read
0.0,0.09,libdl-2.31.so,dlerror
0.0,0.09,python,_PyTrash_get_state (inlined)
0.0,0.09,libdl-2.31.so,dlopen
0.0,0.09,[kernel.kallsyms],ksys_read
0.0,0.09,ld-2.31.so,_dl_find_dso_for_object
0.0,0.09,libc-2.31.so,_dl_catch_error
0.0,0.09,libc-2.31.so,_dl_catch_exception
0.0,0.09,[kernel.kallsyms],vfs_read
0.0,0.09,python,_io__IOBase_readlines
0.0,0.09,python,_io__IOBase_readlines_impl (inlined)
0.0,0.09,[kernel.kallsyms],__vfs_read
0.0,0.09,python,_PyImport_FindSharedFuncptr
0.0,0.09,python,_PyInterpreterState_GET (inlined)
0.0,0.09,python,handle_resurrected_objects (inlined)
0.0,0.09,libpthread-2.31.so,__libc_read (inlined)
0.0,0.09,python,read (inlined)
0.0,0.09,python3.8,_PyFunction_Vectorcall
0.0,0.09,python3.8,_PyEval_EvalCodeWithName
0.0,0.09,python,pyinit_core (inlined)
0.0,0.09,libpthread-2.31.so,__libc_open64 (inlined)
0.0,0.08,python,open64 (inlined)
0.0,0.08,python,pyinit_config (inlined)
0.0,0.08,libc-2.31.so,__xstat64 (inlined)
0.0,0.08,libc-2.31.so,__libc_start_main
0.0,0.08,[kernel.kallsyms],do_filp_open
0.0,0.08,python,_PyCodec_Lookup
0.0,0.08,python,pycore_interp_init
0.0,0.08,python,type_clear
0.0,0.08,[kernel.kallsyms],path_openat
0.0,0.08,python,stat64 (inlined)
0.0,0.08,python3.8,PyObject_RichCompareBool
0.0,0.08,python,PyObject_CallMethod
0.0,0.08,[kernel.kallsyms],__x64_sys_newstat
0.0,0.08,[kernel.kallsyms],__do_sys_newstat
0.0,0.08,python,_PyThreadState_GET (inlined)
0.0,0.08,python,_PyErr_Occurred (inlined)
0.0,0.08,python,_io__Buffered_read
0.0,0.08,python3.8,PyObject_CallFunction
0.0,0.08,python3.8,PyEval_EvalCode
0.0,0.08,libpython3.11.so.1.0,PyObject_Vectorcall
0.0,0.08,python,_io__Buffered_read_impl (inlined)
0.0,0.08,python,_PyUnicode_InitEncodings
0.0,0.08,python,config_get_codec_name
0.0,0.08,python,init_fs_encoding (inlined)
0.0,0.08,python3.8,_PyObject_CallMethodIdObjArgs
0.0,0.08,python3.8,PyImport_ImportModuleLevelObject
0.0,0.08,python,Py_XDECREF (inlined)
0.0,0.08,python,Py_DECREF (inlined)
0.0,0.08,python,Py_XDECREF (inlined)
0.0,0.08,[kernel.kallsyms],vfs_statx
0.0,0.08,python,map_next
0.0,0.08,python,_PyLong_BothAreCompact (inlined)
0.0,0.07,python,_imp_exec_dynamic
0.0,0.07,python,_imp_exec_dynamic_impl (inlined)
0.0,0.07,python,exec_builtin_or_dynamic (inlined)
0.0,0.07,python,callmethod (inlined)
0.0,0.07,python,Py_DECREF (inlined)
0.0,0.07,[kernel.kallsyms],exit_mmap
0.0,0.07,[kernel.kallsyms],mmput
0.0,0.07,[unknown],0x0000000000000002
0.0,0.07,python,compiler_mod (inlined)
0.0,0.07,python,_bufferedreader_read_all (inlined)
0.0,0.07,python,_io_FileIO_readall_impl (inlined)
0.0,0.07,python,_PyObject_CallNoArgs (inlined)
0.0,0.07,python,_PyObject_VectorcallTstate (inlined)
0.0,0.07,python,_PyGCHead_PREV (inlined)
0.0,0.07,libpython3.11.so.1.0,Py_BytesMain
0.0,0.07,python,method_vectorcall_VARARGS
0.0,0.07,libc-2.31.so,__libc_malloc (inlined)
0.0,0.07,python,_PyImport_InitExternal
0.0,0.07,python3.8,_PyBuiltin_Init
0.0,0.07,python,PyMarshal_ReadObjectFromString
0.0,0.07,libpython3.11.so.1.0,builtin___import__
0.0,0.07,libpython3.11.so.1.0,builtin___import___impl (inlined)
0.0,0.07,python,disjunction_rule
0.0,0.07,python,untrack_tuples (inlined)
0.0,0.07,python,type_ready_fill_dict (inlined)
0.0,0.07,python3.11,_start
0.0,0.07,[kernel.kallsyms],user_path_at_empty
0.0,0.07,python,conjunction_rule
0.0,0.07,python,PyObject_Str
0.0,0.07,python,inversion_rule
0.0,0.07,python,comparison_rule (inlined)
0.0,0.07,python,eval_rule (inlined)
0.0,0.07,python,expressions_rule
0.0,0.07,python3.8,PyVectorcall_Call
0.0,0.07,python,_PyCodecRegistry_Init
0.0,0.07,[unknown],0x0000000000000003
0.0,0.07,python,list_resize (inlined)
0.0,0.07,python,bitwise_or_rule
0.0,0.07,[unknown],0xffffffffffffffff
0.0,0.07,[unknown],0x0000000000000001
0.0,0.07,python,bitwise_xor_rule
0.0,0.06,python,PyMem_RawMalloc (inlined)
0.0,0.06,python,PyNumber_InPlaceAdd
0.0,0.06,python,bitwise_or_raw (inlined)
0.0,0.06,python,_PyObject_VectorcallTstate (inlined)
0.0,0.06,python,shift_expr_rule
0.0,0.06,python,bitwise_and_rule
0.0,0.06,python,shift_expr_raw (inlined)
0.0,0.06,python,sum_rule
0.0,0.06,python,slot_nb_inplace_add
0.0,0.06,python,binary_iop1 (inlined)
0.0,0.06,python,vectorcall_method (inlined)
0.0,0.06,python,bitwise_and_raw (inlined)
0.0,0.06,python,bitwise_xor_raw (inlined)
0.0,0.06,python,_PyObject_VectorcallTstate (inlined)
0.0,0.06,python,slot_tp_str
0.0,0.06,python,vectorcall_method (inlined)
0.0,0.06,python,vectorcall_unbound (inlined)
0.0,0.06,python,_PyObject_VectorcallTstate (inlined)
0.0,0.06,python,vectorcall_unbound (inlined)
0.0,0.06,python,os_listdir
0.0,0.06,python,lambdef_rule
0.0,0.06,python,PySequence_Tuple
0.0,0.06,python,_posix_listdir (inlined)
0.0,0.06,python,os_listdir_impl (inlined)
0.0,0.06,python,sum_raw (inlined)
0.0,0.06,[unknown],0x0000000000000096
0.0,0.06,[unknown],0x0000000000000004
0.0,0.06,python,term_rule
0.0,0.06,libpython3.11.so.1.0,Py_RunMain
0.0,0.06,python,PyUnicode_New (inlined)
0.0,0.06,python,_Py_slot_tp_getattr_hook
0.0,0.06,python,term_raw (inlined)
0.0,0.06,python,_PyObject_GC_TRACK (inlined)
0.0,0.06,[unknown],0x0000000000000005
0.0,0.06,python,_Py_AS_GC (inlined)
0.0,0.06,python,_stringio_readline (inlined)
0.0,0.06,python,_imp_get_frozen_object
0.0,0.06,python,_imp_get_frozen_object_impl (inlined)
0.0,0.06,python,unmarshal_frozen_code (inlined)
0.0,0.06,python,_PyObject_CallNoArgsTstate (inlined)
0.0,0.06,python,has_own_state (inlined)
0.0,0.06,python,factor_rule
0.0,0.06,python,dictresize
0.0,0.06,[unknown],0x000000000000006d
0.0,0.06,python,init_importlib_external (inlined)
0.0,0.06,python,PyOS_FSPath
0.0,0.06,python,PyType_Ready (inlined)
0.0,0.05,python,slot_mp_ass_subscript
0.0,0.05,[kernel.kallsyms],do_last
0.0,0.05,[kernel.kallsyms],new_sync_read
0.0,0.05,python,await_primary_rule
0.0,0.05,python,power_rule (inlined)
0.0,0.05,python,primary_rule
0.0,0.05,[kernel.kallsyms],filename_lookup
0.0,0.05,python,_PyObject_CallNoArgs (inlined)
0.0,0.05,python,_PyObject_VectorcallTstate (inlined)
0.0,0.05,python,method_vectorcall_NOARGS
0.0,0.05,python,dictkeys_decref (inlined)
0.0,0.05,python,primary_raw (inlined)
0.0,0.05,[kernel.kallsyms],ext4_file_read_iter
0.0,0.05,python,_PyLong_IsZero (inlined)
0.0,0.05,python,_Py_HashBytes
0.0,0.05,[kernel.kallsyms],generic_file_buffered_read
0.0,0.05,[kernel.kallsyms],generic_file_read_iter
0.0,0.05,[kernel.kallsyms],unmap_vmas
0.0,0.05,[kernel.kallsyms],unmap_single_vma
0.0,0.05,python,PyDict_Clear (inlined)
0.0,0.05,python,dict_tp_clear
0.0,0.05,python,PyIter_Next (inlined)
0.0,0.05,python,unicode_hash (inlined)
0.0,0.05,[kernel.kallsyms],path_lookupat.isra.0
0.0,0.05,python,_PyInterpreterState_Main (inlined)
0.0,0.05,python,_Py_IsMainInterpreter (inlined)
0.0,0.05,[kernel.kallsyms],unmap_page_range
0.0,0.05,[unknown],0x0000000000000007
0.0,0.05,python,_PyBytes_FromSize (inlined)
0.0,0.05,python,optimize_and_assemble
0.0,0.05,python,optimize_and_assemble_code_unit (inlined)
0.0,0.05,python,resolve_slotdups (inlined)
0.0,0.05,python,compiler_codegen
0.0,0.05,python,chain_next
0.0,0.05,[unknown],0x0000000000000006
0.0,0.05,python,call_attribute (inlined)
0.0,0.05,[kernel.kallsyms],vfs_open
0.0,0.05,python,file_rule (inlined)
0.0,0.05,libpython3.11.so.1.0,_PyObject_MakeTpCall
0.0,0.05,python,_imp_exec_builtin
0.0,0.05,python,builtin_hasattr
0.0,0.05,python,builtin_hasattr_impl (inlined)
0.0,0.05,python,_Py_type_getattro_impl (inlined)
0.0,0.05,python,_textiowrapper_readline
0.0,0.05,python,statements_rule
0.0,0.05,python,_loop1_3_rule (inlined)
0.0,0.05,python,statement_rule (inlined)
0.0,0.05,python,Py_DECREF (inlined)
0.0,0.05,python,Py_XDECREF (inlined)
0.0,0.05,python,_PyErr_Occurred (inlined)
0.0,0.05,[kernel.kallsyms],do_dentry_open
0.0,0.05,[kernel.kallsyms],__x64_sys_exit_group
0.0,0.05,[kernel.kallsyms],do_exit
0.0,0.05,[kernel.kallsyms],do_group_exit
0.0,0.05,python,_PyEval_UnpackIterable (inlined)
0.0,0.05,python,finalize_interp_clear
0.0,0.05,python,gc_list_size (inlined)
0.0,0.05,libpython3.11.so.1.0,type_call
0.0,0.05,_posixsubprocess.cpython-313-x86_64-linux-gnu.so,subprocess_fork_exec
0.0,0.05,_posixsubprocess.cpython-313-x86_64-linux-gnu.so,subprocess_fork_exec_impl (inlined)
0.0,0.04,python,slot_tp_iter
0.0,0.04,_posixsubprocess.cpython-313-x86_64-linux-gnu.so,do_fork_exec
0.0,0.04,python,vectorcall_method (inlined)
0.0,0.04,python,call_unbound_noarg (inlined)
0.0,0.04,python,_PyObject_VectorcallTstate (inlined)
0.0,0.04,python,vectorcall_unbound (inlined)
0.0,0.04,python,compound_stmt_rule
0.0,0.04,python,PyList_SET_ITEM (inlined)
0.0,0.04,python,finalize_modules_clear_weaklist (inlined)
0.0,0.04,python,_Py_module_getattro
0.0,0.04,[kernel.kallsyms],apic_timer_interrupt
0.0,0.04,[kernel.kallsyms],alloc_pages_vma
0.0,0.04,python,object_recursive_isinstance (inlined)
0.0,0.04,python,hashtable_unicode_hash
0.0,0.04,python,unicode_join
0.0,0.04,python3.8,Py_RunMain
0.0,0.04,[kernel.kallsyms],copy_page_to_iter
0.0,0.04,python,ucs1lib_find_max_char (inlined)
0.0,0.04,libc-2.31.so,__libc_start_main
0.0,0.04,python3.8,Py_BytesMain
0.0,0.04,python,_Py_module_getattro_impl (inlined)
0.0,0.04,python,_PyType_AllocNoTrack (inlined)
0.0,0.04,python,_tmp_122_rule (inlined)
0.0,0.04,python,PyUnicode_Join (inlined)
0.0,0.04,python,atom_rule
0.0,0.04,python,textiowrapper_read_chunk
0.0,0.04,python,reversed_new_impl
0.0,0.04,python,_sre_SRE_Pattern_match
0.0,0.04,python,function_def_raw_rule
0.0,0.04,python,function_def_rule (inlined)
0.0,0.04,python3.8,_start
0.0,0.04,python3.8,PyMember_GetOne
0.0,0.04,python,tuple_alloc (inlined)
0.0,0.04,libpython3.11.so.1.0,builtin___build_class__
0.0,0.04,python,block_rule
0.0,0.04,libpython3.11.so.1.0,_PyObject_VectorcallTstate (inlined)
0.0,0.04,python,method_dealloc
0.0,0.04,[kernel.kallsyms],get_page_from_freelist
0.0,0.04,[kernel.kallsyms],smp_apic_timer_interrupt
0.0,0.04,python,type_new_set_names (inlined)
0.0,0.04,python,_sre_SRE_Pattern_match_impl (inlined)
0.0,0.04,python,_PyObject_VectorcallTstate (inlined)
0.0,0.04,python,vectorcall_unbound (inlined)
0.0,0.04,_decimal.cpython-313-x86_64-linux-gnu.so,_decimal_exec
0.0,0.04,python,_PyUnicode_FromUCS4 (inlined)
0.0,0.04,python,_PyGC_CollectNoFail
0.0,0.04,python,_bufferedreader_raw_read
0.0,0.04,[heap],0x000055fd046bae73
0.0,0.04,[kernel.kallsyms],aperfmperf_snapshot_cpu
0.0,0.04,[kernel.kallsyms],proc_reg_open
0.0,0.04,python,slot_tp_setattro
0.0,0.04,python,partial_call
0.0,0.04,[kernel.kallsyms],hrtimer_interrupt
0.0,0.04,[kernel.kallsyms],__do_execve_file.isra.0
0.0,0.04,[kernel.kallsyms],__x64_sys_execve
0.0,0.04,python,builtin_compile
0.0,0.04,[kernel.kallsyms],arch_freq_prepare_all
0.0,0.04,[kernel.kallsyms],cpuinfo_open
0.0,0.04,libc-2.31.so,__libc_start_main
0.0,0.04,python,gc_get_refs (inlined)
0.0,0.04,python,untrack_dicts (inlined)
0.0,0.04,python,insertion_resize (inlined)
0.0,0.03,python,builtin_compile_impl (inlined)
0.0,0.03,python,dictkeys_get_index (inlined)
0.0,0.03,python,PyObject_CallMethodOneArg (inlined)
0.0,0.03,[heap],0x000055e832ed6e73
0.0,0.03,[heap],0x000055f94b791e73
0.0,0.03,python,_io_FileIO_readinto
0.0,0.03,python,_io_FileIO_readinto_impl (inlined)
0.0,0.03,python,Py_DECREF (inlined)
0.0,0.03,[heap],0x000055c402c54e73
0.0,0.03,python,import_ensure_initialized (inlined)
0.0,0.03,python,iobase_exit
0.0,0.03,python,_PyList_Extend
0.0,0.03,python,Py_CompileStringObject
0.0,0.03,libpython3.11.so.1.0,pymain_run_python (inlined)
0.0,0.03,[heap],0x0000555c8c408e73
0.0,0.03,python,PyObject_CallMethodNoArgs (inlined)
0.0,0.03,python,_PyImport_InitCore
0.0,0.03,python,init_importlib (inlined)
0.0,0.03,python3.8,_PyObject_MakeTpCall
0.0,0.03,python,Py_XDECREF (inlined)
0.0,0.03,libc-2.31.so,__libc_fork (inlined)
0.0,0.03,[heap],0x000056273f8aee73
0.0,0.03,python,PyObject_IsSubclass
0.0,0.03,python,PyObject_CallMethodOneArg (inlined)
0.0,0.03,python,_io__Buffered_read1
0.0,0.03,python,_io__Buffered_read1_impl (inlined)
0.0,0.03,python,PySequence_List
0.0,0.03,python,object_issubclass (inlined)
0.0,0.03,python,vectorcall_method (inlined)
0.0,0.03,python,Py_XDECREF (inlined)
0.0,0.03,[kernel.kallsyms],ksys_getdents64
0.0,0.03,python,args_rule
0.0,0.03,python,arguments_rule
0.0,0.03,python,BaseException_clear
0.0,0.03,python,Py_DECREF (inlined)
0.0,0.03,libc-2.31.so,readdir (inlined)
0.0,0.03,libpython3.11.so.1.0,_PyFunction_Vectorcall (inlined)
0.0,0.03,libpython3.11.so.1.0,_PyObject_FastCallDictTstate (inlined)
0.0,0.03,python,Py_DECREF (inlined)
0.0,0.03,[kernel.kallsyms],__x64_sys_getdents64
0.0,0.03,[kernel.kallsyms],vm_mmap_pgoff
0.0,0.03,[kernel.kallsyms],seq_read
0.0,0.03,python,slot_tp_call
0.0,0.03,[kernel.kallsyms],search_binary_handler
0.0,0.03,libc-2.31.so,getdents64
0.0,0.03,[stack],0x00007fff18e74faf
0.0,0.03,libpython3.11.so.1.0,_PyObject_Call_Prepend
0.0,0.03,[heap],0x000055c4fe32be73
0.0,0.03,python,pycore_init_types (inlined)
0.0,0.03,[kernel.kallsyms],load_elf_binary
0.0,0.03,python,tb_dealloc
0.0,0.03,python,simple_stmts_rule
0.0,0.03,[kernel.kallsyms],do_mmap
0.0,0.03,python,Py_DECREF (inlined)
0.0,0.03,python,_PyImport_GetModuleAttrString
0.0,0.03,[kernel.kallsyms],iterate_dir
0.0,0.03,[kernel.kallsyms],ksys_mmap_pgoff
0.0,0.03,[kernel.kallsyms],__x64_sys_mmap
0.0,0.03,python,Py_DECREF (inlined)
0.0,0.03,python,_gather_123_rule (inlined)
0.0,0.03,python,_tmp_260_rule (inlined)
0.0,0.03,[stack],0x00007ffe00645c7f
0.0,0.03,[stack],0x00007ffe3ee3d71f
0.0,0.03,[heap],0x000055eb59babe73
0.0,0.03,[kernel.kallsyms],_do_fork
0.0,0.03,[kernel.kallsyms],copy_process
0.0,0.03,[heap],0x000055f2a24f4e73
0.0,0.03,python,simple_stmt_rule
0.0,0.03,python,_PyStaticType_InitBuiltin
0.0,0.03,[heap],0x000055e358594e73
0.0,0.03,[kernel.kallsyms],__x64_sys_clone
0.0,0.03,python,_tmp_116_rule (inlined)
0.0,0.03,python,_tmp_94_rule (inlined)
0.0,0.03,python,tuple_rule (inlined)
0.0,0.03,python,list_resize (inlined)
0.0,0.03,python,interpreter_clear
0.0,0.03,python,_PyPegen_fill_token
0.0,0.03,python,_PyUnicode_JoinArray (inlined)
0.0,0.03,python,_loop0_124_rule (inlined)
0.0,0.03,python,list_resize (inlined)
0.0,0.03,python,PyUnicode_InternFromString
0.0,0.03,python,PyIter_Next
0.0,0.03,python,_PyObject_VectorcallTstate (inlined)
0.0,0.03,python,vectorcall_unbound (inlined)
0.0,0.03,python,_PyFrame_PushUnchecked (inlined)
0.0,0.03,[kernel.kallsyms],__hrtimer_run_queues
0.0,0.03,[kernel.kallsyms],tick_sched_timer
0.0,0.03,libpython3.11.so.1.0,marshal_loads
0.0,0.03,libpython3.11.so.1.0,marshal_loads_impl (inlined)
0.0,0.03,python,builtin_getattr
0.0,0.03,python,_PyPegen_name_token
0.0,0.03,libpython3.11.so.1.0,r_object
0.0,0.03,python,unicode_eq (inlined)
0.0,0.03,python,_PyType_FromMetaclass_impl
0.0,0.03,python,_io__Buffered_close
0.0,0.03,python,_io__Buffered_close_impl (inlined)
0.0,0.03,[heap],0x000056071196ee73
0.0,0.03,python,add_operators (inlined)
0.0,0.03,python,_Py_module_getattro_impl
0.0,0.03,python,vectorcall_maybe (inlined)
0.0,0.03,python,DK_UNICODE_ENTRIES (inlined)
0.0,0.03,python,_DK_ENTRIES (inlined)
0.0,0.03,python,_abc__abc_subclasscheck
0.0,0.03,python,_abc__abc_subclasscheck_impl (inlined)
0.0,0.03,[kernel.kallsyms],mmap_region
0.0,0.03,[kernel.kallsyms],mem_cgroup_try_charge_delay
0.0,0.03,python,iter_iternext
0.0,0.03,python,set_add_key (inlined)
0.0,0.03,libpython3.11.so.1.0,read_object
0.0,0.03,[heap],0x000055767ec77e73
0.0,0.03,[stack],0x00007fff3dafbc2f
0.0,0.03,python,_PyImport_GetModuleAttr (inlined)
0.0,0.03,python,_pystat_fromstructstat
0.0,0.03,python,PyDict_SetItemString
0.0,0.03,[kernel.kallsyms],do_syscall_64
0.0,0.03,[kernel.kallsyms],entry_SYSCALL_64_after_hwframe
0.0,0.03,[heap],0x0000564e9b80de73
0.0,0.03,[heap],0x00005563bbec8e73
0.0,0.03,python,_PyPegen_name_from_token (inlined)
0.0,0.03,[heap],0x0000560063f79e73
0.0,0.03,anon,0x00007f412c22372f
0.0,0.03,[heap],0x0000563d0b922e73
0.0,0.03,[kernel.kallsyms],flush_old_exec
0.0,0.03,python,lookup_tp_dict (inlined)
0.0,0.03,python,textiowrapper_iternext
0.0,0.03,python,_PyObject_GC_IS_TRACKED (inlined)
0.0,0.03,[kernel.kallsyms],dup_mmap
0.0,0.03,python,_PyPegen_new_identifier
0.0,0.03,[kernel.kallsyms],free_pages_and_swap_cache
0.0,0.03,[kernel.kallsyms],tlb_flush_mmu
0.0,0.03,[kernel.kallsyms],ext4_readdir
0.0,0.03,python,PyErr_Format
0.0,0.03,python,_PyFrame_Initialize (inlined)
0.0,0.03,[heap],0x000055f5df39ae33
0.0,0.03,[stack],0x00007ffc1360c0cf
0.0,0.03,python,_PyTypes_InitTypes
0.0,0.03,python,_abc__abc_instancecheck
0.0,0.03,python,_abc__abc_instancecheck_impl (inlined)
0.0,0.03,[heap],0x000055b0aa084e73
0.0,0.03,[stack],0x00007fff05e1f30f
0.0,0.03,python,infinite_lru_cache_wrapper
0.0,0.03,anon,0x00007fbc0831672f
0.0,0.03,python,call_unbound_noarg (inlined)
0.0,0.03,[kernel.kallsyms],page_fault
0.0,0.03,python,PyArg_ParseTuple
0.0,0.03,python,_PyErr_FormatV (inlined)
0.0,0.03,[stack],0x00007ffe184ef1cf
0.0,0.03,[heap],0x00005613262d1e73
0.0,0.03,python,pymalloc_realloc (inlined)
0.0,0.03,[kernel.kallsyms],ext4_dx_readdir
0.0,0.03,python,PyObject_ClearWeakRefs
0.0,0.03,python,PyObject_CallMethodOneArg (inlined)
0.0,0.03,python,compiler_visit_expr1
0.0,0.03,python,maybe_freelist_pop (inlined)
0.0,0.03,[stack],0x00007fffc77c665f
0.0,0.03,python,_PyObject_NewVar
0.0,0.03,python,do_richcompare (inlined)
0.0,0.03,libpython3.11.so.1.0,pymain_run_module
0.0,0.03,python,named_expression_rule
0.0,0.03,libpython3.11.so.1.0,Py_FinalizeEx
0.0,0.03,python,PyMapping_GetOptionalItem
0.0,0.03,python,Py_DECREF (inlined)
0.0,0.03,python,Py_XDECREF (inlined)
0.0,0.03,[heap],0x0000564221d0fe73
0.0,0.02,python,object_isinstance
0.0,0.02,python,PyErr_NewException
0.0,0.02,anon,0x00007f066e64772f
0.0,0.02,python,PyImport_ImportFrozenModule (inlined)
0.0,0.02,python,PyImport_ImportFrozenModuleObject
0.0,0.02,anon,0x00007f84aa39f72f
0.0,0.02,[heap],0x000055e3839e6e73
0.0,0.02,[stack],0x00007ffe1f0e7e9f
0.0,0.02,anon,0x00007f949052472f
0.0,0.02,python,PyMem_RawFree (inlined)
0.0,0.02,python3.8,PyMethod_New
0.0,0.02,python,_PyErr_SetObject (inlined)
0.0,0.02,python,_PyObject_IS_GC (inlined)
0.0,0.02,python,_PyFrame_Initialize (inlined)
0.0,0.02,python,_PyObject_GC_TRACK (inlined)
0.0,0.02,python,Py_DECREF (inlined)
0.0,0.02,[stack],0x00007ffd10d0198f
0.0,0.02,anon,0x00007f5b7c1ba72f
0.0,0.02,python,r_ref (inlined)
0.0,0.02,libpython3.11.so.1.0,gc_collect_main
0.0,0.02,python,PyType_Ready (inlined)
0.0,0.02,python,slot_tp_hash
0.0,0.02,python,lambda_parameters_rule
0.0,0.02,python,lambda_params_rule (inlined)
0.0,0.02,python,PyObject_CallMethodNoArgs (inlined)
0.0,0.02,python,BaseException_dealloc
0.0,0.02,[stack],0x00007fffe05f89cf
0.0,0.02,[stack],0x00007fff41b12a3f
0.0,0.02,python,PyUnicode_Substring
0.0,0.02,anon,0x00007f766be0072f
0.0,0.02,[kernel.kallsyms],update_process_times
0.0,0.02,[kernel.kallsyms],tick_sched_handle
0.0,0.02,python,sre_match (inlined)
0.0,0.02,python,gc_reset_refs (inlined)
0.0,0.02,ld-2.31.so,__get_cpu_features
0.0,0.02,python,slot_sq_item
0.0,0.02,libc-2.31.so,realloc (inlined)
0.0,0.02,python,vgetargs1 (inlined)
0.0,0.02,python,compiler_setup (inlined)
0.0,0.02,python,new_compiler (inlined)
0.0,0.02,python,Py_DECREF (inlined)
0.0,0.02,python,Py_INCREF (inlined)
0.0,0.02,python,_Py_NewRef (inlined)
0.0,0.02,[stack],0x00007fff18e74fa7
0.0,0.02,[stack],0x00007ffeb39534ff
0.0,0.02,[kernel.kallsyms],lru_cache_add_active_or_unevictable
0.0,0.02,python,vectorcall_method (inlined)
0.0,0.02,python,_io_FileIO_close
0.0,0.02,python,compiler_body
0.0,0.02,python,compiler_visit_stmt
0.0,0.02,python,PyObject_CallFunctionObjArgs
0.0,0.02,python,compiler_lambda (inlined)
0.0,0.02,python,compiler_visit_expr (inlined)
0.0,0.02,[stack],0x00007ffd40ed7407
0.0,0.02,anon,0x00007f48d50e972f
0.0,0.02,[stack],0x00007ffd39e73a6f
0.0,0.02,anon,0x00007f200af4e73f
0.0,0.02,anon,0x00007fdc6848172f
0.0,0.02,python,_PyList_AppendTakeRef (inlined)
0.0,0.02,python,PyUnicode_New (inlined)
0.0,0.02,python,_io_FileIO_close_impl (inlined)
0.0,0.02,python,PyObject_CallMethodOneArg (inlined)
0.0,0.02,[stack],0x00007ffcf1cdf727
0.0,0.02,python,fill_time
0.0,0.02,python,object_new
0.0,0.02,libpython3.11.so.1.0,slot_tp_init
0.0,0.02,python,_PyObject_VectorcallTstate (inlined)
0.0,0.02,python,vectorcall_unbound (inlined)
0.0,0.02,python,star_named_expressions_rule
0.0,0.02,[kernel.kallsyms],__lru_cache_add
0.0,0.02,python,_io_TextIOWrapper_read
0.0,0.02,python,_io_TextIOWrapper_read_impl (inlined)
0.0,0.02,[kernel.kallsyms],do_fault
0.0,0.02,python3.8,PyCFunction_Call
0.0,0.02,python,unicode_subscript
0.0,0.02,anon,0x00007f1e6280a72f
0.0,0.02,[kernel.kallsyms],copy_page_range
0.0,0.02,[kernel.kallsyms],htree_dirblock_to_tree
0.0,0.02,[kernel.kallsyms],ext4_htree_fill_tree
0.0,0.02,python,insertion_resize (inlined)
0.0,0.02,python,_gather_84_rule (inlined)
0.0,0.02,python,do_super_lookup
0.0,0.02,python,PyObject_RichCompare (inlined)
0.0,0.02,python,handle_callback (inlined)
0.0,0.02,anon,0x00007f3883db466f
0.0,0.02,anon,0x00007f148987572f
0.0,0.02,anon,0x00007fcc0d99872f
0.0,0.02,anon,0x00007f68ef98e72f
0.0,0.02,[kernel.kallsyms],__do_page_fault
0.0,0.02,[kernel.kallsyms],__handle_mm_fault
0.0,0.02,[kernel.kallsyms],do_page_fault
0.0,0.02,[kernel.kallsyms],do_user_addr_fault
0.0,0.02,[kernel.kallsyms],handle_mm_fault
0.0,0.02,python,type_new_get_bases (inlined)
0.0,0.02,libpython3.11.so.1.0,type_new_impl (inlined)
0.0,0.02,python,_Py_IsImmortal (inlined)
0.0,0.02,[kernel.kallsyms],pagevec_lru_move_fn
0.0,0.02,python,all_name_chars (inlined)
0.0,0.02,python,compiler_function
0.0,0.02,python3.8,_PyContext_Fini
0.0,0.02,[stack],0x00007ffdd397a68f
0.0,0.02,anon,0x00007fcc0d998737
0.0,0.02,[stack],0x00007ffc2a50a59f
0.0,0.02,anon,0x00007f200af4e747
0.0,0.02,python,lambda_param_no_default_rule (inlined)
0.0,0.02,python,type_ready_inherit (inlined)
0.0,0.02,python,_PyThreadState_Attach
0.0,0.02,python3.8,_PyInterpreterState_Get
0.0,0.02,python,maybe_freelist_push (inlined)
0.0,0.02,[kernel.kallsyms],getname_flags
0.0,0.02,anon,0x00007f3883cbaa7f
0.0,0.02,anon,0x00007f148977ea7f
0.0,0.02,[stack],0x00007fff09123baf
0.0,0.02,anon,0x00007fcc0d89ea3f
0.0,0.02,[stack],0x00007ffdd397a6b7
0.0,0.02,anon,0x00007fd47347272f
0.0,0.02,python,star_expressions_rule
0.0,0.02,python,_PyUnicode_FromASCII (inlined)
0.0,0.02,python,compiler_function_body (inlined)
0.0,0.02,python,_PySymtable_Build
0.0,0.02,[stack],0x00007fffe05f89c7
0.0,0.02,[stack],0x00007ffc1a496a57
0.0,0.02,[stack],0x00007ffc1a496a5f
0.0,0.02,python,_PyList_AppendTakeRefListResize (inlined)
0.0,0.02,[unknown],0x0000000000000008
0.0,0.02,anon,0x00007f7c1f25d72f
0.0,0.02,anon,0x00007fd0bd27a72f
0.0,0.02,[stack],0x00007ffc7c105017
0.0,0.02,libpython3.11.so.1.0,PyObject_VectorcallDict
0.0,0.02,libpython3.11.so.1.0,_PyObject_FastCallDictTstate (inlined)
0.0,0.02,python,PyNumber_Add
0.0,0.02,python,init_sys_streams (inlined)
0.0,0.02,python,type_setattro
0.0,0.02,[kernel.kallsyms],scheduler_tick
0.0,0.02,python,star_expression_rule
0.0,0.02,python,_PyAssemble_MakeCodeObject
0.0,0.02,[stack],0x00007ffdd397a687
0.0,0.02,python,take_gil
0.0,0.02,[stack],0x00007ffc7c10501f
0.0,0.02,anon,0x00007f7c1f25d737
0.0,0.02,[stack],0x00007ffeb39534f7
0.0,0.02,[stack],0x00007ffe184ef1f7
0.0,0.02,python,set_add
0.0,0.02,python,PyDict_SetItem (inlined)
0.0,0.02,python,PyUnicode_InternInPlace (inlined)
0.0,0.02,dpkg-query,0x000055cb8106ff0d
0.0,0.02,libpython3.11.so.1.0,type_new
0.0,0.02,[stack],0x00007fff41b12a37
0.0,0.02,[stack],0x00007fff41b12a67
0.0,0.02,python,type_add_method (inlined)
0.0,0.02,python,type_add_methods (inlined)
0.0,0.02,python,_PyGCHead_SET_NEXT (inlined)
0.0,0.02,[stack],0x00007fff05e1f307
0.0,0.02,[stack],0x00007ffe184ef1c7
0.0,0.02,python,r_long (inlined)
0.0,0.02,anon,0x00007fdc68481737
0.0,0.02,python,_PyGCHead_SET_PREV (inlined)
0.0,0.02,dpkg-query,0x000055ae722d5f0d
0.0,0.02,python,_io_TextIOWrapper___init__
0.0,0.02,python,_loop1_101_rule (inlined)
0.0,0.02,[stack],0x00007ffcf1cdf72f
0.0,0.02,[stack],0x00007ffcf1cdf757
0.0,0.02,anon,0x00007f267d094737
0.0,0.02,anon,0x00007fd0bd17ea7f
0.0,0.02,dpkg-query,0x000055cb8106fea5
0.0,0.02,python,maybe_freelist_clear (inlined)
0.0,0.02,python,binary_op1 (inlined)
0.0,0.02,[kernel.kallsyms],__vfs_read
0.0,0.02,[kernel.kallsyms],ext4_file_read_iter
0.0,0.02,[kernel.kallsyms],generic_file_buffered_read
0.0,0.02,[kernel.kallsyms],generic_file_read_iter
0.0,0.02,[kernel.kallsyms],new_sync_read
0.0,0.02,[kernel.kallsyms],vfs_read
0.0,0.02,[kernel.kallsyms],exit_to_usermode_loop
0.0,0.02,python,_PyErr_CreateException
0.0,0.02,python,_io_TextIOWrapper___init___impl (inlined)
0.0,0.02,python3.8,Py_InitializeFromConfig
0.0,0.02,python,asciilib_parse_args_finds (inlined)
0.0,0.02,[kernel.kallsyms],dev_attr_show
0.0,0.02,[kernel.kallsyms],kernfs_fop_read
0.0,0.02,[kernel.kallsyms],kernfs_seq_show
0.0,0.02,[kernel.kallsyms],sysfs_kf_seq_show
0.0,0.02,python,internal_close (inlined)
0.0,0.02,anon,0x00007f3883db4737
0.0,0.02,python,dictkeys_generic_lookup (inlined)
0.0,0.02,anon,0x00007fe19b91ea7f
0.0,0.02,anon,0x00007f766bd06a7f
0.0,0.02,python,clear_freelists (inlined)
0.0,0.02,python,_Py_IsImmortal (inlined)
0.0,0.02,[kernel.kallsyms],__x64_sys_read
0.0,0.02,[kernel.kallsyms],ksys_read
0.0,0.02,libc-2.31.so,__read (inlined)
0.0,0.02,dpkg-query,0x000055ae722d5ea5
0.0,0.02,python,unicode_startswith
0.0,0.02,[kernel.kallsyms],tlb_finish_mmu
0.0,0.02,[kernel.kallsyms],proc_reg_read
0.0,0.02,python,method_vectorcall_VARARGS_KEYWORDS
0.0,0.02,python,Py_DECREF (inlined)
0.0,0.02,python,lambda_slash_no_default_rule
0.0,0.02,python,PyObject_HasAttrWithError
0.0,0.02,python,import_star
0.0,0.02,python,import_all_from (inlined)
0.0,0.02,python,_PyIncrementalNewlineDecoder_decode
0.0,0.02,anon,0x00007f1489875737
0.0,0.02,anon,0x00007f77817f972f
0.0,0.02,anon,0x00007f7781702a3f
0.0,0.02,anon,0x00007f48d50e9737
0.0,0.02,[stack],0x00007ffe1f0e7e97
0.0,0.02,anon,0x00007f5b7c1ba66f
0.0,0.02,python,_PyDict_SetItem_Take2 (inlined)
0.0,0.02,[stack],0x00007ffc2a50a597
0.0,0.02,anon,0x00007fdc6838aa7f
0.0,0.02,anon,0x00007f412c223737
0.0,0.02,python,memset (inlined)
0.0,0.02,python,builtin_setattr
0.0,0.02,[coretemp],show_temp
0.0,0.02,[kernel.kallsyms],__do_munmap
0.0,0.02,python,_PyObject_GC_MAY_BE_TRACKED (inlined)
0.0,0.02,python,_PyLong_New
0.0,0.02,python,_PyList_AppendTakeRef (inlined)
0.0,0.02,python,min_max
0.0,0.02,python,PyObject_GetOptionalAttr (inlined)
0.0,0.02,python,finalize_garbage (inlined)
0.0,0.02,python,_Py_IsImmortal (inlined)
0.0,0.02,anon,0x00007f267d09472f
0.0,0.02,[stack],0x00007ffd10d01987
0.0,0.02,[stack],0x00007fff09123ba7
0.0,0.02,[stack],0x00007fffc77c6657
0.0,0.02,libpthread-2.31.so,__libc_close (inlined)
0.0,0.02,[stack],0x00007ffc2a50a5c7
0.0,0.02,[stack],0x00007ffc1360c0c7
0.0,0.02,python,builtin_setattr_impl (inlined)
0.0,0.02,dpkg-query,0x000055cb810706ae
0.0,0.02,python,type_new_set_attrs (inlined)
0.0,0.02,python,deque_extend
0.0,0.02,python,set_contains_key (inlined)
0.0,0.02,python,Py_INCREF (inlined)
0.0,0.02,python,_Py_NewRef (inlined)
0.0,0.02,python,builtin_sorted
0.0,0.02,[kernel.kallsyms],rdmsr_on_cpu
0.0,0.02,python,_copy_characters (inlined)
0.0,0.02,[kernel.kallsyms],copy_page_to_iter
0.0,0.02,[kernel.kallsyms],perf_event_mmap
0.0,0.02,python,_io_TextIOWrapper_close
0.0,0.02,python,_PyType_PreHeaderSize (inlined)
0.0,0.02,python,finalize_interp_types (inlined)
0.0,0.02,python,Py_INCREF (inlined)
0.0,0.02,python,type_new_init_subclass (inlined)
0.0,0.02,python,gc_list_move (inlined)
0.0,0.02,anon,0x00007f84aa39f737
0.0,0.02,anon,0x00007f066e647737
0.0,0.01,anon,0x00007fe19ba1a72f
0.0,0.01,[stack],0x00007ffe00645c77
0.0,0.01,anon,0x00007f5b7c1ba737
0.0,0.01,dpkg-query,0x000055cb81072cdc
0.0,0.01,python,_PyObject_CallNoArgs (inlined)
0.0,0.01,python3.8,_Py_convert_optional_to_ssize_t
0.0,0.01,python,binary_op (inlined)
0.0,0.01,python,binary_op1 (inlined)
0.0,0.01,python,_PySuper_Lookup
0.0,0.01,python,make_new_set (inlined)
0.0,0.01,python3.8,PyRun_SimpleFileExFlags
0.0,0.01,libpython3.11.so.1.0,_PyGC_CollectNoFail
0.0,0.01,python,_io_TextIOWrapper_close_impl (inlined)
0.0,0.01,dpkg-query,0x000055ae722d66ae
0.0,0.01,dpkg-query,0x000055ae722d8cdc
0.0,0.01,python,star_named_expression_rule
0.0,0.01,anon,0x00007fbc0821aa7f
0.0,0.01,[stack],0x00007ffd10d019bf
0.0,0.01,[stack],0x00007ffd10d019b7
0.0,0.01,anon,0x00007f9490524737
0.0,0.01,[stack],0x00007ffeb3953527
0.0,0.01,dpkg-query,0x000055cb8107b2d8
0.0,0.01,python,PyDict_Contains
0.0,0.01,python,intern_strings (inlined)
0.0,0.01,python,vectorcall_method (inlined)
0.0,0.01,python,_PyObject_VectorcallTstate (inlined)
0.0,0.01,libpython3.11.so.1.0,PyObject_GetAttr
0.0,0.01,python3.8,PyMarshal_ReadObjectFromString
0.0,0.01,python,PyObject_GetAttr (inlined)
0.0,0.01,python,exec_code_in_module
0.0,0.01,python,PyErr_SetFromErrnoWithFilenameObjects (inlined)
0.0,0.01,python,_loop0_85_rule (inlined)
0.0,0.01,python,star_named_expression_rule (inlined)
0.0,0.01,python,PyUnicode_New (inlined)
0.0,0.01,python,PyUnicode_DATA (inlined)
0.0,0.01,python,init_zipimport (inlined)
0.0,0.01,python,_abc__abc_init
0.0,0.01,python,_super_lookup_descr (inlined)
0.0,0.01,anon,0x00007f267d09466f
0.0,0.01,anon,0x00007f84aa39f66f
0.0,0.01,[stack],0x00007fff3dafbc27
0.0,0.01,anon,0x00007f066e54ea7f
0.0,0.01,python,_PyGCHead_SET_PREV (inlined)
0.0,0.01,[stack],0x00007ffe1f0e7ec7
0.0,0.01,[stack],0x00007ffd39e73a67
0.0,0.01,anon,0x00007f949052466f
0.0,0.01,anon,0x00007f68ef892a3f
0.0,0.01,python,_PyTokenizer_Get
0.0,0.01,anon,0x00007f7c1f166a3f
0.0,0.01,python,type_dealloc
0.0,0.01,anon,0x00007f766be0066f
0.0,0.01,dpkg-query,0x000055cb8107a831
0.0,0.01,python,astmodule_exec
0.0,0.01,libpython3.11.so.1.0,finalize_modules
0.0,0.01,dpkg-query,0x000055ae722e0831
0.0,0.01,dpkg-query,0x000055ae722e12d8
0.0,0.01,python,_PyObject_VectorcallTstate (inlined)
0.0,0.01,python,vectorcall_unbound (inlined)
0.0,0.01,[kernel.kallsyms],task_work_run
0.0,0.01,python,set_vectorcall
0.0,0.01,python,assignment_rule
0.0,0.01,python3.8,PyUnicode_New
0.0,0.01,python,_PyUnicode_COMPACT_DATA (inlined)
0.0,0.01,python,descr_new (inlined)
0.0,0.01,python,tuplecontains
0.0,0.01,python,gc_isenabled
0.0,0.01,python,move_legacy_finalizers (inlined)
0.0,0.01,python,PyModule_AddIntConstant
0.0,0.01,anon,0x00007f1e6280a66f
0.0,0.01,anon,0x00007f77812f15bf
0.0,0.01,[stack],0x00007fff18e74fd7
0.0,0.01,anon,0x00007fe19ba1a737
0.0,0.01,anon,0x00007f48d50e966f
0.0,0.01,anon,0x00007fe19b508e7f
0.0,0.01,anon,0x00007fd0bd27a737
0.0,0.01,anon,0x00007fd473472737
0.0,0.01,anon,0x00007fd473376a7f
0.0,0.01,anon,0x00007f949042aa7f
0.0,0.01,anon,0x00007f412c12aa7f
0.0,0.01,python,Py_INCREF (inlined)
0.0,0.01,python,dict_update
0.0,0.01,python,_PyOnceFlag_CallOnce (inlined)
0.0,0.01,python,_PyOnceFlag_CallOnceSlow
0.0,0.01,python,get_ast_state (inlined)
0.0,0.01,python,init_types
0.0,0.01,libpython3.11.so.1.0,gc_collect_main
0.0,0.01,libpython3.11.so.1.0,gc_collect_with_callback
0.0,0.01,python3.8,_PyImport_IsInitialized
0.0,0.01,python,PyNumber_And
0.0,0.01,python,list_resize (inlined)
0.0,0.01,python,Py_DECREF (inlined)
0.0,0.01,python,PyEval_SaveThread
0.0,0.01,python,update_slot
0.0,0.01,python,PyLong_AsLongAndOverflow (inlined)
0.0,0.01,python,type_new_init (inlined)
0.0,0.01,python,_PyFrame_StackPush (inlined)
0.0,0.01,python,symtable_analyze (inlined)
0.0,0.01,python,analyze_block
0.0,0.01,python,gc_clear_collecting (inlined)
0.0,0.01,anon,0x00007f3883db472f
0.0,0.01,python,BaseException_new
0.0,0.01,anon,0x00007f267cf9aa7f
0.0,0.01,anon,0x00007f38838a4a3f
0.0,0.01,anon,0x00007fe19b508eff
0.0,0.01,[stack],0x00007ffe00645ca7
0.0,0.01,anon,0x00007fd0bd27a66f
0.0,0.01,python,tok_get (inlined)
0.0,0.01,anon,0x00007f68ef98e737
0.0,0.01,anon,0x00007f200aa3d6ff
0.0,0.01,anon,0x00007f412c22366f
0.0,0.01,python,lambda_param_rule (inlined)
0.0,0.01,python,dict_update_common (inlined)
0.0,0.01,python,_Py_IsImmortal (inlined)
0.0,0.01,python,clear_gen_frame (inlined)
0.0,0.01,python,path_converter
0.0,0.01,python,PyModule_Add (inlined)
0.0,0.01,python,set_update_internal
0.0,0.01,python,_Py_VaBuildStack
0.0,0.01,python,inherit_slots (inlined)
0.0,0.01,python3.8,PyDescr_NewMember
0.0,0.01,libc-2.31.so,__fxstat64 (inlined)
0.0,0.01,ld-2.31.so,_dl_rtld_di_serinfo
0.0,0.01,python,PyModule_FromDefAndSpec2
0.0,0.01,python,compute_abstract_methods (inlined)
0.0,0.01,anon,0x00007f267cb853bf
0.0,0.01,[stack],0x00007ffc1a496a87
0.0,0.01,anon,0x00007f1e622f977f
0.0,0.01,[stack],0x00007fff3dafbc5f
0.0,0.01,python3.8,_PyObject_LookupSpecial
0.0,0.01,anon,0x00007f77812f15ff
0.0,0.01,libpython3.11.so.1.0,_PyObject_VectorcallTstate (inlined)
0.0,0.01,anon,0x00007fe19b5094ff
0.0,0.01,anon,0x00007fe19ba1a66f
0.0,0.01,python,tok_get_fstring_mode (inlined)
0.0,0.01,[stack],0x00007ffe3ee3d717
0.0,0.01,[stack],0x00007ffc7c105047
0.0,0.01,anon,0x00007f200aa3d27f
0.0,0.01,anon,0x00007f7c1ed5517f
0.0,0.01,python,_PyStack_AsDict (inlined)
0.0,0.01,python,compiler_enter_scope
0.0,0.01,python,dict_update_arg (inlined)
0.0,0.01,python,PyErr_SetFromErrnoWithFilenameObject
0.0,0.01,python,take_ownership (inlined)
0.0,0.01,python,handle_weakrefs (inlined)
0.0,0.01,[kernel.kallsyms],____fput
0.0,0.01,python,list___reversed__
0.0,0.01,python,unicode_fromformat_arg (inlined)
0.0,0.01,python,descr_new (inlined)
0.0,0.01,python,PyModule_AddObjectRef (inlined)
0.0,0.01,python,_PyList_AppendTakeRefListResize
0.0,0.01,libpython3.11.so.1.0,PyObject_Malloc
0.0,0.01,libpython3.11.so.1.0,PyObject_CallFunction
0.0,0.01,libpython3.11.so.1.0,_PyObject_CallFunctionVa (inlined)
0.0,0.01,python,maybe_freelist_pop (inlined)
0.0,0.01,ld-2.31.so,__get_cpu_features
0.0,0.01,python,Py_DECREF (inlined)
0.0,0.01,libpython3.11.so.1.0,_PyObject_IS_GC (inlined)
0.0,0.01,python,PyDict_Copy
0.0,0.01,python,PyUnicode_FromString (inlined)
0.0,0.01,libpython3.11.so.1.0,fixup_slot_dispatchers (inlined)
0.0,0.01,libpython3.11.so.1.0,update_one_slot (inlined)
0.0,0.01,python,_add_methods_to_object
0.0,0.01,libpython3.11.so.1.0,Py_InitializeFromConfig
0.0,0.01,libpython3.11.so.1.0,_PyObject_Malloc (inlined)
0.0,0.01,python,unicode_split
0.0,0.01,anon,0x00007f84aa39f73f
0.0,0.01,anon,0x00007fbc0831666f
0.0,0.01,anon,0x00007f267cb84dff
0.0,0.01,anon,0x00007f1e6280a737
0.0,0.01,anon,0x00007f5b7c0bea7f
0.0,0.01,anon,0x00007f5b7bca967f
0.0,0.01,[stack],0x00007fffc77c6687
0.0,0.01,anon,0x00007fd47347266f
0.0,0.01,anon,0x00007f200af4e67f
0.0,0.01,anon,0x00007f766b8f10ff
0.0,0.01,python,PyDict_Merge (inlined)
0.0,0.01,python,return_stmt_rule (inlined)
0.0,0.01,python,Py_DECREF (inlined)
0.0,0.01,python,_io_StringIO_read
0.0,0.01,python,_io_StringIO_read_impl (inlined)
0.0,0.01,[kernel.kallsyms],__fput
0.0,0.01,python,ucs4lib_find_max_char (inlined)
0.0,0.01,python,list___reversed___impl (inlined)
0.0,0.01,python,PyLong_FromLong
0.0,0.01,python,_io_BufferedReader___init__
0.0,0.01,[kernel.kallsyms],free_unref_page_list
0.0,0.01,python,_PyObject_LookupSpecial
0.0,0.01,python,_PyCfg_OptimizedCfgToInstructionSequence
0.0,0.01,anon,0x00007f38838a4cbf
0.0,0.01,python,PyLong_AsInt
0.0,0.01,[kernel.kallsyms],task_tick_fair
0.0,0.01,python,clear_unreachable_mask (inlined)
0.0,0.01,python,PyObject_CallMethodNoArgs (inlined)
0.0,0.01,libpython3.11.so.1.0,cfunction_call
0.0,0.01,python,lookup_tp_dict (inlined)
0.0,0.01,python,slot_nb_add
0.0,0.01,python,PyObject_CallMethodNoArgs (inlined)
0.0,0.01,libpython3.11.so.1.0,PyObject_GenericGetAttr
0.0,0.01,libpython3.11.so.1.0,_PyObject_GenericGetAttrWithDict (inlined)
0.0,0.01,python,split
0.0,0.01,python,unicode_split_impl (inlined)
0.0,0.01,python,PyUnicode_FSConverter
0.0,0.01,anon,0x00007f267cb8503f
0.0,0.01,anon,0x00007fcc0d4896bf
0.0,0.01,anon,0x00007fcc0d4896ff
0.0,0.01,anon,0x00007f1e6270ea3f
0.0,0.01,[stack],0x00007fff09123bd7
0.0,0.01,[stack],0x00007fff3dafbc57
0.0,0.01,python,_PyParser_ASTFromFile
0.0,0.01,python,_PyPegen_run_parser_from_file_pointer
0.0,0.01,python,unicode_compare_eq (inlined)
0.0,0.01,[stack],0x00007ffd40ed740f
0.0,0.01,python,list_sort
0.0,0.01,anon,0x00007fd0bcd68eff
0.0,0.01,[stack],0x00007ffd39e73a97
0.0,0.01,anon,0x00007f5b7bca93ff
0.0,0.01,[stack],0x00007fff05e1f337
0.0,0.01,[stack],0x00007ffc2a50a5cf
0.0,0.01,anon,0x00007fdc6848166f
0.0,0.01,python,genexp_rule
0.0,0.01,python,_Py_Specialize_LoadAttr
0.0,0.01,python,_Py_IsImmortal (inlined)
0.0,0.01,python,sre_search
0.0,0.01,python,sre_ucs1_search (inlined)
0.0,0.01,python,gc_list_clear_collecting (inlined)
0.0,0.01,python,slotptr (inlined)
0.0,0.01,libpython3.11.so.1.0,pymain_init
0.0,0.01,python,tuplehash
0.0,0.01,python,_PyFrame_MakeAndSetFrameObject
0.0,0.01,python,drop_gil
0.0,0.01,python,PyObject_SetAttrString
0.0,0.01,python,cfunction_vectorcall_FASTCALL_KEYWORDS_METHOD
0.0,0.01,python,get_exception_handler (inlined)
0.0,0.01,python,resolve_name (inlined)
0.0,0.01,python,PyUnicode_Concat
0.0,0.01,python,set_contains_entry (inlined)
0.0,0.01,python,_Py_type_getattro_impl
0.0,0.01,python,Py_INCREF (inlined)
0.0,0.01,python,_Py_NewRef (inlined)
0.0,0.01,python,_PyType_PreHeaderSize (inlined)
0.0,0.01,[kernel.kallsyms],page_fault
0.0,0.01,python,PyDescr_NewMethod
0.0,0.01,libpython3.11.so.1.0,subtract_refs (inlined)
0.0,0.01,libpthread-2.31.so,__GI___pthread_mutex_lock (inlined)
0.0,0.01,anon,0x00007f77812f117f
0.0,0.01,python,memcpy (inlined)
0.0,0.01,python,_PyEval_BuiltinsFromGlobals
0.0,0.01,_posixsubprocess.cpython-313-x86_64-linux-gnu.so,child_exec
0.0,0.01,anon,0x00007f148987573f
0.0,0.01,[stack],0x00007fffe05f89f7
0.0,0.01,anon,0x00007f148936d27f
0.0,0.01,anon,0x00007f84a9e997ff
0.0,0.01,anon,0x00007f38838a533f
0.0,0.01,anon,0x00007fcc0d48917f
0.0,0.01,anon,0x00007f38838a52ff
0.0,0.01,python,_PyObject_InitializeDict
0.0,0.01,python,unicode_endswith
0.0,0.01,[stack],0x00007ffd40ed743f
0.0,0.01,anon,0x00007f48d4ff2a7f
0.0,0.01,anon,0x00007fe19b5095ff
0.0,0.01,[stack],0x00007ffc1360c0ff
0.0,0.01,anon,0x00007f949001563f
0.0,0.01,anon,0x00007f7c1f25d66f
0.0,0.01,[stack],0x00007ffc1360c0f7
0.0,0.01,python,_PyErr_SetKeyError
0.0,0.01,python,subtype_clear
0.0,0.01,python,_PyList_AppendTakeRef (inlined)
0.0,0.01,python,_PyList_AppendTakeRefListResize (inlined)
0.0,0.01,python,_io_BufferedReader___init___impl (inlined)
0.0,0.01,python,memcpy (inlined)
0.0,0.01,libpython3.11.so.1.0,pymain_main
0.0,0.01,[kernel.kallsyms],filemap_map_pages
0.0,0.01,python,slot_nb_and
0.0,0.01,python,_PyType_IsReady (inlined)
0.0,0.01,libpthread-2.31.so,__GI___pthread_mutex_unlock (inlined)
0.0,0.01,python,_PyTraceBack_FromFrame (inlined)
0.0,0.01,_socket.cpython-313-x86_64-linux-gnu.so,socket_exec
0.0,0.01,python,_imp_create_builtin
0.0,0.01,python,unicode_lower
0.0,0.01,python,slot_tp_richcompare
0.0,0.01,python,unmarshal_frozen_code (inlined)
0.0,0.01,python,_PyGCHead_SET_NEXT (inlined)
0.0,0.01,python,structseq_dealloc
0.0,0.01,python,asciilib_split (inlined)
0.0,0.01,[kernel.kallsyms],show_cpuinfo
0.0,0.01,anon,0x00007f066e64766f
0.0,0.01,anon,0x00007fcc0d48947f
0.0,0.01,anon,0x00007f84a9e997bf
0.0,0.01,anon,0x00007f1e622f973f
0.0,0.01,anon,0x00007fbc08316737
0.0,0.01,anon,0x00007f84a9e9917f
0.0,0.01,anon,0x00007f77812f16bf
0.0,0.01,anon,0x00007fe19b5094bf
0.0,0.01,anon,0x00007fe19b5095bf
0.0,0.01,anon,0x00007fd0bcd694bf
0.0,0.01,[stack],0x00007ffc7c10504f
0.0,0.01,anon,0x00007f68ef47d87f
0.0,0.01,anon,0x00007f68ef47d17f
0.0,0.01,anon,0x00007f200aa3d6bf
0.0,0.01,anon,0x00007f766b8f153f
0.0,0.01,anon,0x00007f766be00737
0.0,0.01,python,convertitem (inlined)
0.0,0.01,[kernel.kallsyms],__x64_sys_newfstat
0.0,0.01,python,functools_wraps
0.0,0.01,python,functools_copy_attr (inlined)
0.0,0.01,python,type_set_bases
0.0,0.01,python,update_all_slots (inlined)
0.0,0.01,libpython3.11.so.1.0,_PyObject_GC_NewVar
0.0,0.01,python,analyze_child_block (inlined)
0.0,0.01,python,PyMember_GetOne
0.0,0.01,python,write_str
0.0,0.01,python,PyUnicode_DecodeUTF8Stateful (inlined)
0.0,0.01,python,create_builtin (inlined)
0.0,0.01,python,new_values (inlined)
0.0,0.01,python3.8,PyImport_Import
0.0,0.01,python3.8,PyImport_ImportModule
0.0,0.01,python,mro_internal
0.0,0.01,python,_sre_SRE_Pattern_search
0.0,0.01,python,_sre_SRE_Pattern_search_impl (inlined)
0.0,0.01,python,_PyDictKeys_StringLookup (inlined)
0.0,0.01,python,tb_create_raw (inlined)
0.0,0.01,python3.8,Py_FinalizeEx
0.0,0.01,python,PyObject_GetAttrString
0.0,0.01,[kernel.kallsyms],perf_iterate_sb
0.0,0.01,python,_resize_tokens_array (inlined)
0.0,0.01,[kernel.kallsyms],do_syscall_64
0.0,0.01,[kernel.kallsyms],entry_SYSCALL_64_after_hwframe
0.0,0.01,python,_PyLong_FromMedium (inlined)
0.0,0.01,libc-2.31.so,__libc_calloc (inlined)
0.0,0.01,[kernel.kallsyms],perf_iterate_ctx
0.0,0.01,libpython3.11.so.1.0,slot_tp_new
0.0,0.01,python,asciilib_split_char (inlined)
0.0,0.01,dpkg-query,0x000055ae722e03e4
0.0,0.01,python,_PyConfig_InitImportConfig
0.0,0.01,python,config_init_import (inlined)
0.0,0.01,[kernel.kallsyms],do_syscall_64
0.0,0.01,[kernel.kallsyms],entry_SYSCALL_64_after_hwframe
0.0,0.01,python,_PyObject_InitInlineValues (inlined)
0.0,0.01,anon,0x00007f1e622f983f
0.0,0.01,[stack],0x00007fff41b12a6f
0.0,0.01,anon,0x00007f84a9e993bf
0.0,0.01,anon,0x00007f148936d3ff
0.0,0.01,anon,0x00007f84a9e998ff
0.0,0.01,anon,0x00007fbc07e053ff
0.0,0.01,anon,0x00007f066e1413ff
0.0,0.01,python,_PyVectorcall_FunctionInline (inlined)
0.0,0.01,anon,0x00007f48d4be143f
0.0,0.01,anon,0x00007f5b7bca913f
0.0,0.01,anon,0x00007f94900155bf
0.0,0.01,anon,0x00007f200aa3d7ff
0.0,0.01,anon,0x00007f200aa3d57f
0.0,0.01,anon,0x00007f766b8f173f
0.0,0.01,anon,0x00007f412bd1cb7f
0.0,0.01,anon,0x00007f766b8f13ff
0.0,0.01,anon,0x00007f5b7bca96bf
0.0,0.01,anon,0x00007fdc67f791bf
0.0,0.01,anon,0x00007fdc67f790bf
0.0,0.01,dpkg-query,0x000055cb8107a3e4
0.0,0.01,libpython3.11.so.1.0,PyObject_CallOneArg
0.0,0.01,libpython3.11.so.1.0,_PyObject_VectorcallTstate (inlined)
0.0,0.01,[kernel.kallsyms],free_unref_page_commit
0.0,0.01,python,sys_intern
0.0,0.01,python,import_from (inlined)
0.0,0.01,python,as_ucs4 (inlined)
0.0,0.01,python,PyUnicode_DecodeFSDefaultAndSize
0.0,0.01,libpython3.11.so.1.0,pymalloc_alloc (inlined)
0.0,0.01,python,clone_combined_dict_keys (inlined)
0.0,0.01,libpython3.11.so.1.0,PyTuple_New
0.0,0.01,python,update_slots_callback (inlined)
0.0,0.01,python,update_subclasses (inlined)
0.0,0.01,python,type_ready_mro (inlined)
0.0,0.01,python,makecode (inlined)
0.0,0.01,python,unicode_lower_impl (inlined)
0.0,0.01,python,_PyDict_Next (inlined)
0.0,0.01,python,memcpy (inlined)
0.0,0.01,libpython3.11.so.1.0,init_interp_main
0.0,0.01,libpython3.11.so.1.0,tuple_alloc (inlined)
0.0,0.01,libpython3.11.so.1.0,gc_alloc (inlined)
0.0,0.01,python,binarysort (inlined)
0.0,0.01,python,wrap_setattr
0.0,0.01,anon,0x00007f77817f9737
0.0,0.01,python,clear_slots (inlined)
0.0,0.01,libpython3.11.so.1.0,PyImport_Import
0.0,0.01,libpython3.11.so.1.0,PyImport_ImportModule
0.0,0.01,python,if_stmt_rule
0.0,0.01,python,Py_INCREF (inlined)
0.0,0.01,python,_Py_NewRef (inlined)
0.0,0.01,python,import_get_module (inlined)
0.0,0.01,[kernel.kallsyms],__do_sys_newfstat
0.0,0.01,python,_PyConfig_InitPathConfig
0.0,0.01,anon,0x00007f38838a52bf
0.0,0.01,anon,0x00007f148936cd3f
0.0,0.01,anon,0x00007f148936d5bf
0.0,0.01,anon,0x00007f84aa2a6a7f
0.0,0.01,libpython3.11.so.1.0,gc_collect_with_callback
0.0,0.01,anon,0x00007f267cb853ff
0.0,0.01,anon,0x00007fcc0d99866f
0.0,0.01,anon,0x00007f267d00903f
0.0,0.01,python,_Py_AS_GC (inlined)
0.0,0.01,anon,0x00007fd472f615ff
0.0,0.01,anon,0x00007f94900156ff
0.0,0.01,anon,0x00007fd472f6113f
0.0,0.01,anon,0x00007f200ae76fff
0.0,0.01,anon,0x00007f200ae52aff
0.0,0.01,anon,0x00007f766b8f157f
0.0,0.01,anon,0x00007f7c1ed556ff
0.0,0.01,libpython3.11.so.1.0,PyUnicode_InternInPlace
0.0,0.01,python,posixmodule_exec
0.0,0.01,python,deque_init
0.0,0.01,python,mro_invoke (inlined)
0.0,0.01,python,sre_ucs1_charset (inlined)
0.0,0.01,python,sys_intern_impl (inlined)
0.0,0.01,python,optimize_cfg (inlined)
0.0,0.01,[kernel.kallsyms],seq_printf
0.0,0.01,python,path_error (inlined)
0.0,0.01,python,path_object_error (inlined)
0.0,0.01,python,posix_path_object_error (inlined)
0.0,0.01,python,set_next (inlined)
0.0,0.01,python,Py_DECREF (inlined)
0.0,0.01,python,_PyInterpreterState_GET (inlined)
0.0,0.01,python,_PyCompile_ConstCacheMergeOne
0.0,0.01,libpython3.11.so.1.0,_PyObject_GC_New
0.0,0.01,python,_PyFrame_Traverse
0.0,0.01,libpython3.11.so.1.0,_Py_dict_lookup (inlined)
0.0,0.01,python,do_mkvalue
0.0,0.01,python,_PyObject_Init (inlined)
0.0,0.01,python,do_string_format
0.0,0.01,libpython3.11.so.1.0,_PyFrame_Clear
0.0,0.01,python,ascii_upper_or_lower (inlined)
0.0,0.01,python,_io_FileIO_isatty
0.0,0.01,python,_io_FileIO_isatty_impl (inlined)
0.0,0.01,libpython3.11.so.1.0,pymain_run_module
0.0,0.01,python,PyObject_CallMethodNoArgs (inlined)
0.0,0.01,python,type_ready_add_subclasses (inlined)
0.0,0.01,[kernel.kallsyms],do_anonymous_page
0.0,0.01,python,PyDescr_NewWrapper
0.0,0.01,python,list_iter
0.0,0.01,python,PyArg_ParseTupleAndKeywords
0.0,0.01,python,set_dealloc
0.0,0.01,python,_textiowrapper_set_decoder
0.0,0.01,python3.8,PyObject_GetAttr
0.0,0.01,libpython3.11.so.1.0,PyGC_Collect
0.0,0.01,[kernel.kallsyms],pagecache_get_page
0.0,0.01,python,t_primary_rule
0.0,0.01,python,_buffered_init
0.0,0.01,python,unicode_compare_eq (inlined)
0.0,0.01,libpython3.11.so.1.0,cfunction_vectorcall_FASTCALL
0.0,0.01,[stack],0x00007ffc1a496a8f
0.0,0.01,anon,0x00007f267cb854bf
0.0,0.01,anon,0x00007fbc07e0567f
0.0,0.01,anon,0x00007f066e14143f
0.0,0.01,anon,0x00007fcc0d99873f
0.0,0.01,anon,0x00007f066e1415ff
0.0,0.01,anon,0x00007fbc07e0577f
0.0,0.01,python,_PyFrame_GetFrameObject (inlined)
0.0,0.01,[stack],0x00007fff18e74fdf
0.0,0.01,anon,0x00007f48d506097f
0.0,0.01,anon,0x00007f68ef47d73f
0.0,0.01,anon,0x00007f68ef47d77f
0.0,0.01,[stack],0x00007ffe3ee3d747
0.0,0.01,anon,0x00007f68ef47d3ff
0.0,0.01,python,_PyErr_SetObject (inlined)
0.0,0.01,[stack],0x00007ffe3ee3d74f
0.0,0.01,anon,0x00007f7c1ed557bf
0.0,0.01,anon,0x00007f412bd1d3ff
0.0,0.01,[stack],0x00007fff05e1f33f
0.0,0.01,anon,0x00007f766b8f163f
0.0,0.01,anon,0x00007f412bd1d47f
0.0,0.01,anon,0x00007f412bd1cdff
0.0,0.01,python,do_markup (inlined)
0.0,0.01,[kernel.kallsyms],__vma_adjust
0.0,0.01,python,_PyDict_Next (inlined)
0.0,0.01,python,_abc__abc_register
0.0,0.01,python,_abc__abc_register_impl (inlined)
0.0,0.01,python,memcpy (inlined)
0.0,0.01,python,PyMem_RawCalloc (inlined)
0.0,0.01,libc-2.31.so,isatty
0.0,0.01,python,_PyDict_DelItem_KnownHash
0.0,0.01,python,bytes_subscript
0.0,0.01,python,assemble_emit (inlined)
0.0,0.01,[kernel.kallsyms],__do_page_fault
0.0,0.01,[kernel.kallsyms],do_page_fault
0.0,0.01,[kernel.kallsyms],do_user_addr_fault
0.0,0.01,python,type_add_getset (inlined)
0.0,0.01,python,PyThread_acquire_lock_timed
0.0,0.01,python,vgetargskeywords (inlined)
0.0,0.01,python,dict_vectorcall
0.0,0.01,[kernel.kallsyms],find_vma
0.0,0.01,libpython3.11.so.1.0,move_unreachable (inlined)
0.0,0.01,python,cm_init
0.0,0.01,libpython3.11.so.1.0,find_name_in_mro (inlined)
0.0,0.01,[stack],0x00007ffcf1cdf75f
0.0,0.01,[heap],0x000055e3839e6e65
0.0,0.01,anon,0x00007fcc0d4897ff
0.0,0.01,anon,0x00007f148987566f
0.0,0.01,libpython3.11.so.1.0,_PyEvalFrameClearAndPop (inlined)
0.0,0.01,[stack],0x00007ffd40ed7437
0.0,0.01,anon,0x00007f77817f966f
0.0,0.01,anon,0x00007f778162e5bf
0.0,0.01,anon,0x00007f48d4be153f
0.0,0.01,anon,0x00007fd0bd27a73f
0.0,0.01,[stack],0x00007ffe00645caf
0.0,0.01,anon,0x00007f5b7bca963f
0.0,0.01,[stack],0x00007ffd39e73a9f
0.0,0.01,anon,0x00007fd472f6177f
0.0,0.01,anon,0x00007f94900155ff
0.0,0.01,anon,0x00007fd472f6163f
0.0,0.01,anon,0x00007f9490014e3f
0.0,0.01,anon,0x00007f48d4be10bf
0.0,0.01,anon,0x00007f68ef98e66f
0.0,0.01,[stack],0x00007fffc77c668f
0.0,0.01,[stack],0x00007ffeb395347f
0.0,0.01,anon,0x00007f7c1ed556bf
0.0,0.01,anon,0x00007f7c1ed555ff
0.0,0.01,anon,0x00007f766b8f167f
0.0,0.01,python,object___reduce_ex__
0.0,0.01,python,object___reduce_ex___impl (inlined)
0.0,0.01,python,_Py_Specialize_LoadGlobal
0.0,0.01,python,traverse_slots (inlined)
0.0,0.01,python,realize (inlined)
0.0,0.01,python,lookup_maybe_method (inlined)
0.0,0.01,python,lookup_method (inlined)
0.0,0.01,python,assignment_expression_rule (inlined)
0.0,0.01,python,data_stack_grow (inlined)
0.0,0.01,ld-2.31.so,_dl_catch_exception
0.0,0.01,[kernel.kallsyms],do_fault
0.0,0.01,[kernel.kallsyms],__split_vma
0.0,0.01,python,PyList_Sort
0.0,0.01,python,add_subclass
0.0,0.01,python,do_mkstack (inlined)
0.0,0.01,python,type_add_members (inlined)
0.0,0.01,python,t_primary_raw (inlined)
0.0,0.01,python,PyDict_SetItem (inlined)
0.0,0.01,python,_PyDict_SetItem_Take2 (inlined)
0.0,0.01,[kernel.kallsyms],try_charge
0.0,0.01,python,_PyFrame_New_NoTrack
0.0,0.01,libpython3.11.so.1.0,free_keys_object (inlined)
0.0,0.01,libpython3.11.so.1.0,pyinit_main
0.0,0.01,[kernel.kallsyms],__ext4fs_dirhash
0.0,0.01,libc-2.31.so,tcgetattr
0.0,0.01,python,_PyObject_GC_TRACK (inlined)
0.0,0.01,[kernel.kallsyms],ext4fs_dirhash
0.0,0.01,python,_PyCodecInfo_GetIncrementalDecoder
0.0,0.01,python,codec_makeincrementalcodec (inlined)
0.0,0.01,python,PyObject_Dir
0.0,0.01,python,_dir_object (inlined)
0.0,0.01,python,builtin_dir
0.0,0.01,python,PyUnicode_FromString
0.0,0.01,[kernel.kallsyms],seq_vprintf
0.0,0.01,python,new_dict (inlined)
0.0,0.01,python,PyUnicode_EncodeFSDefault
0.0,0.01,libpython3.11.so.1.0,Py_DECREF (inlined)
0.0,0.01,[kernel.kallsyms],vfs_getattr
0.0,0.01,[heap],0x000055f94b791e65
0.0,0.01,anon,0x00007f1e622f93ff
0.0,0.01,[heap],0x000055767ec77e65
0.0,0.01,[stack],0x00007ffdd397a6bf
0.0,0.01,anon,0x00007f148936d4ff
0.0,0.01,anon,0x00007f066e1414ff
0.0,0.01,anon,0x00007fbc07e0563f
0.0,0.01,anon,0x00007f38838a4eff
0.0,0.01,python,_PyObject_GC_MAY_BE_TRACKED (inlined)
0.0,0.01,anon,0x00007f77812f147f
0.0,0.01,anon,0x00007f77812f17bf
0.0,0.01,python,_loop1_14_rule (inlined)
0.0,0.01,python,_tmp_248_rule (inlined)
0.0,0.01,python,star_targets_rule
0.0,0.01,python,PyNumber_Long
0.0,0.01,anon,0x00007fd0bcd68e7f
0.0,0.01,anon,0x00007fd472f613ff
0.0,0.01,anon,0x00007f5b7bca95ff
0.0,0.01,[heap],0x0000555c8c408e65
0.0,0.01,anon,0x00007fd472f616bf
0.0,0.01,anon,0x00007fd472f60d3f
0.0,0.01,anon,0x00007fd47347273f
0.0,0.01,anon,0x00007f68ef47d93f
0.0,0.01,anon,0x00007f7c1ed555bf
0.0,0.01,anon,0x00007fdc67f7963f
0.0,0.01,anon,0x00007fdc67f796ff
0.0,0.01,anon,0x00007f5b7bca8d3f
0.0,0.01,[unknown],0x000000000000007f
0.0,0.01,python,_grouper_next
0.0,0.01,python,groupby_step (inlined)
0.0,0.01,libdl-2.31.so,0x00007f32ce1da34b
0.0,0.01,python,Py_DECREF (inlined)
0.0,0.01,python,Py_XDECREF (inlined)
0.0,0.01,[kernel.kallsyms],swapgs_restore_regs_and_return_to_usermode
0.0,0.01,python,unicode_isupper
0.0,0.01,python,unicode_isupper_impl (inlined)
0.0,0.01,python,_PyStack_UnpackDict_Free (inlined)
0.0,0.01,python,_PyStack_UnpackDict_FreeNoDecRef (inlined)
0.0,0.01,python,Py_DECREF (inlined)
0.0,0.01,python,_io_StringIO___init__
0.0,0.01,python,_io_StringIO___init___impl (inlined)
0.0,0.01,[kernel.kallsyms],entry_SYSCALL_64
0.0,0.01,python,memcpy (inlined)
0.0,0.01,python,_PySys_Create
0.0,0.01,python,_PyUnicode_FastCopyCharacters (inlined)
0.0,0.01,python,_copy_characters (inlined)
0.0,0.01,libpython3.11.so.1.0,_PyObject_GC_Link (inlined)
0.0,0.01,python,_PyThreadState_PopFrame
0.0,0.01,python,PyUnicode_CHECK_INTERNED (inlined)
0.0,0.01,[kernel.kallsyms],unmap_region
0.0,0.01,python,PyNumber_Multiply
0.0,0.01,python,binary_op1 (inlined)
0.0,0.01,python,memset (inlined)
0.0,0.01,python,lookup_maybe_method (inlined)
0.0,0.01,ld-2.31.so,__get_cpu_features
0.0,0.01,python,PyObject_RichCompare
0.0,0.01,[kernel.kallsyms],ext4_htree_store_dirent
0.0,0.01,python,star_target_rule
0.0,0.01,libc-2.31.so,cfree (inlined)
0.0,0.01,libpython3.11.so.1.0,tupledealloc
0.0,0.01,libpython3.11.so.1.0,_PyObject_GC_Link (inlined)
0.0,0.01,libpython3.11.so.1.0,gc_collect_generations (inlined)
0.0,0.01,python,_Py_mbstowcs
0.0,0.01,python,decode_current_locale
0.0,0.01,libpython3.11.so.1.0,gc_collect_generations (inlined)
0.0,0.01,libpython3.11.so.1.0,gc_alloc (inlined)
0.0,0.01,[kernel.kallsyms],handle_mm_fault
0.0,0.01,python3.8,PyImport_Cleanup
0.0,0.01,[kernel.kallsyms],__handle_mm_fault
0.0,0.01,python,_PyDict_Next (inlined)
0.0,0.01,libpython3.11.so.1.0,PyRun_StringFlags
0.0,0.01,libpython3.11.so.1.0,_PyObject_VectorcallTstate (inlined)
0.0,0.01,libpython3.11.so.1.0,method_vectorcall
0.0,0.01,libc-2.31.so,opendir
0.0,0.01,python,unicode_decode_locale (inlined)
0.0,0.01,python,_PyType_NewManagedObject
0.0,0.01,python,lookup_method (inlined)
0.0,0.01,python,Py_DECREF (inlined)
0.0,0.01,python,Py_XDECREF (inlined)
0.0,0.01,[heap],0x000055e832ed6e3d
0.0,0.01,anon,0x00007f1e622f993f
0.0,0.01,anon,0x00007f267d09473f
0.0,0.01,anon,0x00007fcc0d488f3f
0.0,0.01,[stack],0x00007fff09123bdf
0.0,0.01,anon,0x00007fcc0d48967f
0.0,0.01,anon,0x00007fbc07e04d3f
0.0,0.01,anon,0x00007f84a9e98ebf
0.0,0.01,anon,0x00007f1e622f917f
0.0,0.01,anon,0x00007f84a9e9977f
0.0,0.01,libpython3.11.so.1.0,PyType_Ready
0.0,0.01,[heap],0x000055b0aa084e65
0.0,0.01,anon,0x00007f48d4be157f
0.0,0.01,anon,0x00007fd0bcd694ff
0.0,0.01,anon,0x00007fd0bcd695ff
0.0,0.01,[stack],0x00007ffe00645c6f
0.0,0.01,python,_PyDict_SetItem_Take2 (inlined)
0.0,0.01,anon,0x00007f949001537f
0.0,0.01,anon,0x00007f949001507f
0.0,0.01,anon,0x00007fd0bcd6917f
0.0,0.01,anon,0x00007fd472f6167f
0.0,0.01,[stack],0x00007ffc2a50a51f
0.0,0.01,anon,0x00007f200aa3d7bf
0.0,0.01,python,slotptr (inlined)
0.0,0.01,[heap],0x000055fd046bae65
0.0,0.01,anon,0x00007f412c22373f
0.0,0.01,[heap],0x00005613262d1e65
0.0,0.01,python,PyUnicode_FromWideChar
0.0,0.01,anon,0x00007f412bd1d43f
0.0,0.01,anon,0x00007fdc67f7953f
0.0,0.01,anon,0x00007f7c1ed5547f
0.0,0.01,python,_common_reduce (inlined)
0.0,0.01,python,reduce_newobj (inlined)
0.0,0.01,python,unicode_encode_utf8
0.0,0.01,python,_PyObject_GC_NewVar
0.0,0.01,python,pattern_subx
0.0,0.01,python,_sre_SRE_Pattern_sub
0.0,0.01,python,_sre_SRE_Pattern_sub_impl (inlined)
0.0,0.01,python3.8,PyRun_StringFlags
0.0,0.01,python,dict_subscript
0.0,0.01,python,PyObject_TypeCheck (inlined)
0.0,0.01,python,realize (inlined)
0.0,0.01,python,PyUnicode_New (inlined)
0.0,0.01,libpython3.11.so.1.0,Py_DECREF (inlined)
0.0,0.01,libpython3.11.so.1.0,Py_XDECREF (inlined)
0.0,0.01,python,PyNumber_Or
0.0,0.01,python,unicode_rpartition
0.0,0.01,ld-2.31.so,_dl_catch_error
0.0,0.01,libpython3.11.so.1.0,gen_send_ex2 (inlined)
0.0,0.01,python,_PyErr_SetObject (inlined)
0.0,0.01,[kernel.kallsyms],free_pgtables
0.0,0.01,libpython3.11.so.1.0,type_ready (inlined)
0.0,0.01,python,rlock_acquire
0.0,0.01,python,Py_DECREF (inlined)
0.0,0.01,python,Py_DECREF (inlined)
0.0,0.01,libpython3.11.so.1.0,Py_XDECREF (inlined)
0.0,0.01,python,mro_implementation
0.0,0.01,python,_loop1_88_rule (inlined)
0.0,0.01,python,long_from_string_base (inlined)
0.0,0.01,[kernel.kallsyms],filemap_map_pages
0.0,0.01,python,tuple_iter
0.0,0.01,python,target_with_star_atom_rule
0.0,0.01,[kernel.kallsyms],wp_page_copy
0.0,0.01,libpython3.11.so.1.0,gen_iternext
0.0,0.01,libpython3.11.so.1.0,_imp_create_dynamic
0.0,0.01,libpython3.11.so.1.0,_imp_create_dynamic_impl (inlined)
0.0,0.01,[kernel.kallsyms],error_entry
0.0,0.01,python,Py_DECREF (inlined)
0.0,0.01,python,Py_XDECREF (inlined)
0.0,0.01,ld-2.31.so,_dl_debug_state
0.0,0.01,python,PyList_New (inlined)
0.0,0.01,python,memcpy (inlined)
0.0,0.01,python,Py_INCREF (inlined)
0.0,0.01,python,Py_IS_TYPE (inlined)
0.0,0.01,python,resize_compact
0.0,0.01,python,_PyUnicodeWriter_Finish
0.0,0.01,anon,0x00007f48d4be0e7f
0.0,0.01,anon,0x00007f3883db473f
0.0,0.01,anon,0x00007f066e140bbf
0.0,0.01,[stack],0x00007fffe05f894f
0.0,0.01,anon,0x00007f1e622f987f
0.0,0.01,anon,0x00007fcc0d48973f
0.0,0.01,anon,0x00007fbc07e055ff
0.0,0.01,anon,0x00007f066e140fbf
0.0,0.01,[heap],0x000055e3839e6e3d
0.0,0.01,python,convertsimple (inlined)
0.0,0.01,anon,0x00007fe19b50917f
0.0,0.01,[stack],0x00007ffe1f0e7ecf
0.0,0.01,anon,0x00007f48d4be163f
0.0,0.01,anon,0x00007f48d50e973f
0.0,0.01,anon,0x00007fd0bcd696bf
0.0,0.01,anon,0x00007fd0bcd695bf
0.0,0.01,[kernel.kallsyms],tick_sched_do_timer
0.0,0.01,anon,0x00007f5b7bca977f
0.0,0.01,anon,0x00007fe19b5096bf
0.0,0.01,anon,0x00007f5b7c1ba73f
0.0,0.01,anon,0x00007f949001557f
0.0,0.01,anon,0x00007f7c1f25d73f
0.0,0.01,[stack],0x00007ffc7c104f9f
0.0,0.01,anon,0x00007f200aa3d8bf
0.0,0.01,anon,0x00007f412bd1d3bf
0.0,0.01,anon,0x00007fdc67f794ff
0.0,0.01,[stack],0x00007ffe3ee3d70f
0.0,0.01,anon,0x00007f766be0073f
0.0,0.01,[stack],0x00007ffe184ef14f
0.0,0.01,anon,0x00007f200af4e74f
0.0,0.01,anon,0x00007f48d4be147f
0.0,0.01,python,_PyDict_SetItem_Take2
0.0,0.01,python,clear_slots (inlined)
0.0,0.01,libdl-2.31.so,0x00007f5b3324634b
0.0,0.01,[kernel.kallsyms],vfs_statx_fd
0.0,0.01,python,pattern_new_match (inlined)
0.0,0.01,python,_PyUnicode_ClearInterned
0.0,0.01,python,clear_interned_dict (inlined)
0.0,0.01,libdl-2.31.so,0x00007f4d63ec234b
0.0,0.01,python,list_append
0.0,0.01,python,PyLong_FromUnicodeObject
0.0,0.01,python,meth_traverse
0.0,0.01,python,PyUnicode_RPartition (inlined)
0.0,0.01,python,initialize_token (inlined)
0.0,0.01,python,_PyErr_GetTopmostException (inlined)
0.0,0.01,python,_PyArena_AddPyObject
0.0,0.01,libpython3.11.so.1.0,_PyEval_EvalFrame (inlined)
0.0,0.01,python3.8,_PyGC_CollectNoFail
0.0,0.01,python,cell_dealloc
0.0,0.01,libc-2.31.so,__sbrk (inlined)
0.0,0.01,python,PyDict_GetItemStringRef
0.0,0.01,python,_PyObject_GC_TRACK (inlined)
0.0,0.01,[kernel.kallsyms],vsnprintf
0.0,0.01,python,binary_op (inlined)
0.0,0.01,python,binary_op1 (inlined)
0.0,0.01,python,slot_nb_or
0.0,0.01,[kernel.kallsyms],generic_permission
0.0,0.01,python,_PyTime_GetMonotonicClock
0.0,0.01,[kernel.kallsyms],alloc_empty_file
0.0,0.01,python,builtin_any
0.0,0.01,libpython3.11.so.1.0,PyObject_GetItem
0.0,0.01,python3.8,_Py_CoerceLegacyLocale
0.0,0.01,python,_PyCodec_LookupTextEncoding
0.0,0.01,python,find_internal
0.0,0.01,ld-2.31.so,_dl_rtld_di_serinfo
0.0,0.01,python,compare_op_bitwise_or_pair_rule (inlined)
0.0,0.01,[kernel.kallsyms],getname
0.0,0.01,python,PyObject_CallFinalizerFromDealloc
0.0,0.01,python,PyObject_CallMethodNoArgs (inlined)
0.0,0.01,python,_PyFile_Flush
0.0,0.01,python,type_dict_set_doc (inlined)
0.0,0.01,python,unicode_fromformat_write_cstr
0.0,0.01,libpython3.11.so.1.0,_PyImport_LoadDynamicModuleWithSpec
0.0,0.01,libc-2.31.so,__default_morecore
0.0,0.01,python,_PyPegen_lookahead
0.0,0.01,python,_Py_IsImmortal (inlined)
0.0,0.01,python,_PyThreadState_HasStackSpace (inlined)
0.0,0.01,python,builtin_isinstance
0.0,0.01,python,builtin_isinstance_impl (inlined)
0.0,0.01,python,_PyObject_InitInlineValues
0.0,0.01,python,_PyObject_Init (inlined)
0.0,0.01,python,gc_decref (inlined)
0.0,0.01,[kernel.kallsyms],ksys_ioctl
0.0,0.01,[kernel.kallsyms],__x64_sys_ioctl
0.0,0.01,libc-2.31.so,__close_nocancel
0.0,0.01,python,dict_update_arg (inlined)
0.0,0.01,libpython3.11.so.1.0,delete_garbage (inlined)
0.0,0.01,python,memcpy (inlined)
0.0,0.01,anon,0x00007f1e6280a73f
0.0,0.01,python,unicode_decode_locale (inlined)
0.0,0.01,libpython3.11.so.1.0,unicodekeys_lookup_unicode (inlined)
0.0,0.01,python,type_new_alloc (inlined)
0.0,0.01,libpython3.11.so.1.0,tp_new_wrapper
0.0,0.01,python,PyDescr_NewGetSet
0.0,0.01,python,inherit_special (inlined)
0.0,0.01,python,_PyStructSequence_NewType
0.0,0.01,[heap],0x0000564e9b80de7b
0.0,0.01,anon,0x00007f148936cf7f
0.0,0.01,anon,0x00007f066e14153f
0.0,0.01,[stack],0x00007fffe05f89bf
0.0,0.01,[stack],0x00007fffe05f89ff
0.0,0.01,[heap],0x000055f2a24f4e65
0.0,0.01,anon,0x00007f38838a543f
0.0,0.01,[heap],0x000055f2a24f4e3d
0.0,0.01,anon,0x00007fbc07e0513f
0.0,0.01,[kernel.kallsyms],cp_new_stat
0.0,0.01,anon,0x00007f267cb854ff
0.0,0.01,anon,0x00007fbc0831673f
0.0,0.01,anon,0x00007f066e1412bf
0.0,0.01,python,_Py_IsImmortal (inlined)
0.0,0.01,[heap],0x00005563bbec8e65
0.0,0.01,anon,0x00007f68ef47d83f
0.0,0.01,[heap],0x0000560063f79e65
0.0,0.01,[stack],0x00007fffc77c664f
0.0,0.01,anon,0x00007f949052473f
0.0,0.01,anon,0x00007f766ba0d1bf
0.0,0.01,anon,0x00007f412bd1d57f
0.0,0.01,anon,0x00007fdc6848173f
0.0,0.01,anon,0x00007fdc67f795ff
0.0,0.01,python3.8,PyInit_posix
0.0,0.01,python,dictiter_iternextitem
0.0,0.01,python,make_type (inlined)
0.0,0.01,python,parameters_rule
0.0,0.01,python,params_rule (inlined)
0.0,0.01,libdl-2.31.so,0x00007f2f289eb34b
0.0,0.01,python,Py_DECREF (inlined)
0.0,0.01,_asyncio.cpython-313-x86_64-linux-gnu.so,module_exec
0.0,0.01,_asyncio.cpython-313-x86_64-linux-gnu.so,module_init (inlined)
0.0,0.01,python,iobase_check_closed (inlined)
0.0,0.01,python,PyUnicode_READ (inlined)
0.0,0.01,[kernel.kallsyms],__x64_sys_mprotect
0.0,0.01,[kernel.kallsyms],do_mprotect_pkey
0.0,0.01,python,iomodule_exec
0.0,0.01,python,asciilib_rpartition (inlined)
0.0,0.01,python,PyUnicode_New (inlined)
0.0,0.01,python,PyUnicode_FromFormat
0.0,0.01,libpython3.11.so.1.0,Py_INCREF (inlined)
0.0,0.01,python,Py_DECREF (inlined)
0.0,0.01,python,Py_XDECREF (inlined)
0.0,0.01,libc-2.31.so,brk
0.0,0.01,python3.8,PyObject_CallMethod
0.0,0.01,libpython3.11.so.1.0,os_stat
0.0,0.01,libpython3.11.so.1.0,os_stat_impl (inlined)
0.0,0.01,libpython3.11.so.1.0,posix_do_stat (inlined)
0.0,0.01,python,binary_op (inlined)
0.0,0.01,python,binary_op1 (inlined)
0.0,0.01,python,data_start+0xffffff92a77a519f
0.0,0.01,libpthread-2.31.so,__libc_lseek (inlined)
0.0,0.01,python,py_get_monotonic_clock (inlined)
0.0,0.01,[kernel.kallsyms],__alloc_file
0.0,0.01,python,type_dealloc_common (inlined)
0.0,0.01,python,remove_all_subclasses
0.0,0.01,python,encode_current_locale
0.0,0.01,python,PyObject_CallFinalizer (inlined)
0.0,0.01,python,_PyUnicodeWriter_PrepareInternal
0.0,0.01,python,_PyObject_LookupSpecial (inlined)
0.0,0.01,python,_PyStaticType_Dealloc
0.0,0.01,python,PyObject_Repr
0.0,0.01,libc-2.31.so,wcstombs
0.0,0.01,libpython3.11.so.1.0,cfunction_vectorcall_O
0.0,0.01,python,PyNumber_Remainder
0.0,0.01,libc-2.31.so,mbstowcs
0.0,0.01,python,mbstowcs (inlined)
0.0,0.01,[kernel.kallsyms],__x64_sys_brk
0.0,0.01,python,PyDescr_NewMember
0.0,0.01,python,_Py_bytes_find
0.0,0.01,libc-2.31.so,wcsrtombs
0.0,0.01,[kernel.kallsyms],__slab_free
0.0,0.01,python,_PyUnicode_EqualToASCIIString
0.0,0.01,python,PyObject_CallMethodOneArg (inlined)
0.0,0.01,python,tailmatch
0.0,0.01,python,address_in_range (inlined)
0.0,0.01,python,arena_map_is_used (inlined)
0.0,0.01,libc-2.31.so,__open64_nocancel (inlined)
0.0,0.01,[kernel.kallsyms],prepare_exit_to_usermode
0.0,0.01,python,_PyUnicode_FromASCII
0.0,0.01,python,descr_new (inlined)
0.0,0.01,python,_PyCfg_ToInstructionSequence
0.0,0.01,anon,0x00007f267cb855bf
0.0,0.01,[heap],0x000055f94b791e3d
0.0,0.01,[heap],0x000056071196ee3d
0.0,0.01,[kernel.kallsyms],perf_event_task_tick
